,Identity No,Surname,Given Name,Date of Birth,Gender,Document No,Nationality,Date of Expire,Mother's name,Father's name,Issuing Authority
0,26211974320,HANÇER,VILDANE,09.12.1924,K/F,K78N48200,TC/TUR,31.05.2031,REVZA,MAHIR,T.C. İÇIŞLERI BAKANLIĞI
1,95600223259,DURAN,BÜŞRANUR,02.06.2010,K/F,M61Y22908,LVA,27.02.2022,ZÜLFÜYE,GÖKNUR,T.C. İÇIŞLERI BAKANLIĞI
2,64373690952,DURAN,YENERAL,25.11.1912,E/M,E07T48046,TC/TUR,26.12.2030,FAIZE,ORGÜN,T.C. İÇIŞLERI BAKANLIĞI
3,44841096765,TÜRK,AKDORA,20.11.1968,E/M,T14X37184,TC/TUR,16.06.2029,FATINUR,MUHAMMET,T.C. İÇIŞLERI BAKANLIĞI
4,57928743453,KARADENIZ,KANAK,15.05.1991,E/M,T51H67706,TC/TUR,01.08.2022,TICEN,DALKILIÇ,T.C. İÇIŞLERI BAKANLIĞI
5,92414428568,ÇETIN,KADER,04.04.1984,E/M,O55M20681,TC/TUR,27.11.2027,HAYEL,SADAT,T.C. İÇIŞLERI BAKANLIĞI
6,15481640942,ERTAŞ,BUŞRA,31.01.2010,K/F,Y69O16487,TC/TUR,18.09.2028,GÜLDÜNYA,TONGUÇ,T.C. İÇIŞLERI BAKANLIĞI
7,47174628402,ŞAMA,MÜJDE,03.12.1999,K/F,T37I31747,TC/TUR,26.02.2028,BITÜL,ABDÜLAHAT,T.C. İÇIŞLERI BAKANLIĞI
8,2790834946,KISAKÜREK,ÂLEMŞAH,29.12.1974,K/F,P15H37690,TC/TUR,12.02.2025,SELVI,BEDI,T.C. İÇIŞLERI BAKANLIĞI
9,1116024212,AKÇA,DINCER,25.05.1983,E/M,Y63E90955,TC/TUR,25.10.2029,GÜLHISAR,GÜNŞEN,T.C. İÇIŞLERI BAKANLIĞI
10,9069487741,DEMIREL,CIHAN,16.05.2001,K/F,X24Y25617,TC/TUR,13.11.2026,MEFHARET,KARAKUCAK,T.C. İÇIŞLERI BAKANLIĞI
11,45987634497,BILIR,UYGUN,11.08.1923,E/M,Z05I01123,TC/TUR,30.09.2025,GANIYE,TERLAN,T.C. İÇIŞLERI BAKANLIĞI
12,26667540618,ŞENSOY,ALEXANDRU,04.04.1962,E/M,E06O31349,VUT,27.01.2029,TANYU,TERLAN,T.C. İÇIŞLERI BAKANLIĞI
13,80010178540,SOYLU,ŞAMIHA,05.06.1912,K/F,M88H91781,TC/TUR,16.01.2028,ŞÜKÜFE,NEBIH,T.C. İÇIŞLERI BAKANLIĞI
14,196591624,FIRAT,DOĞUHAN,05.11.2008,E/M,K73E33031,TC/TUR,03.08.2027,SEYHAN,ERSEÇ,T.C. İÇIŞLERI BAKANLIĞI
15,21145106480,ALEMDAR,DINÇSÜ,24.03.1967,E/M,O07I11237,TC/TUR,11.07.2031,KEFSER,ALMUS,T.C. İÇIŞLERI BAKANLIĞI
16,87380157986,DURDU,RAMADAN,28.10.1983,E/M,M93O49720,TC/TUR,13.10.2021,YILDIZ,GÖKTEN,T.C. İÇIŞLERI BAKANLIĞI
17,44963039687,ÖCALAN,SEVGINUR,04.04.1965,K/F,Y80E78817,TC/TUR,27.07.2030,ÖZDEŞ,VÂLÂ,T.C. İÇIŞLERI BAKANLIĞI
18,8389980538,ÜLKER,ACAR,11.02.1952,E/M,T90H36292,TC/TUR,09.11.2029,HÜRÜYET,TÜMER,T.C. İÇIŞLERI BAKANLIĞI
19,11976430351,BILGIN,HILAYDA,18.11.1970,K/F,Y89O22391,TC/TUR,22.09.2028,HÜMEYRA,MEFARETTIN,T.C. İÇIŞLERI BAKANLIĞI
20,54305724055,BILIR,GÜLNAZIYE,19.10.1938,K/F,I19H34745,TC/TUR,24.07.2023,FATIGÜL,GÜRSAL,T.C. İÇIŞLERI BAKANLIĞI
21,16623710498,ÇAMURCUOĞLU,SAKIP,30.05.1956,E/M,O69A59501,TC/TUR,21.11.2022,GÜLFARI,CERCIS,T.C. İÇIŞLERI BAKANLIĞI
22,43465857452,KARADENIZ,KIYASI,04.07.1993,E/M,E81X52907,TC/TUR,21.03.2031,SEBLÂ,SEVDI,T.C. İÇIŞLERI BAKANLIĞI
23,56517844380,GÜÇLÜ,ELAMIYE,02.08.1922,K/F,A53E20028,TC/TUR,28.05.2024,ŞENNUR,ÇALTI,T.C. İÇIŞLERI BAKANLIĞI
24,3153854268,ŞENER,MÜNEZZER,26.05.1996,K/F,O50H19606,TC/TUR,15.04.2027,ÜRPER,HÜRYAŞAR,T.C. İÇIŞLERI BAKANLIĞI
25,20746689621,AKÇAY,ÇOĞAY,07.05.1938,E/M,K01T46363,NIC,25.04.2029,BILGINUR,ALKOR,T.C. İÇIŞLERI BAKANLIĞI
26,15893750112,YÜKSEL,ŞEFI,23.06.1927,E/M,I27M47459,TC/TUR,15.09.2023,SEHEL,ÖKTÜRK,T.C. İÇIŞLERI BAKANLIĞI
27,95237930653,YÜKSEL,NEBIHA,24.06.1943,K/F,P81O67442,SEN,28.03.2025,HANIM,GÜNVER,T.C. İÇIŞLERI BAKANLIĞI
28,10399115043,DEMIR,AYSUNA,31.03.2008,K/F,O11P85086,TC/TUR,10.07.2029,ANKA,RAZI,T.C. İÇIŞLERI BAKANLIĞI
29,23758588267,KORUTÜRK,ZERAFET,20.09.1945,K/F,H18N36751,TC/TUR,18.03.2025,ANARGÜL,ÖNEL,T.C. İÇIŞLERI BAKANLIĞI
30,56068202419,BILGE,İLKBAHAR,20.02.1983,K/F,P50P61466,TC/TUR,02.05.2027,MÜCEVHER,VEZAT,T.C. İÇIŞLERI BAKANLIĞI
31,4850398814,DURDU,RUHIDE,23.10.2007,K/F,B70X87448,TC/TUR,20.12.2022,GÜLTER,SENCAR,T.C. İÇIŞLERI BAKANLIĞI
32,9906731516,ARSOY,KARAER,17.06.1964,E/M,M19B55192,TC/TUR,08.04.2024,REBIHAT,DOĞANŞAH,T.C. İÇIŞLERI BAKANLIĞI
33,20931949443,AKGÜNDÜZ,ERBIL,28.01.1973,E/M,M97M53873,TC/TUR,13.05.2027,SEÇGÜL,DEMIROK,T.C. İÇIŞLERI BAKANLIĞI
34,64553501181,AKDENIZ,ÜGE,02.06.1967,K/F,H36P22628,TC/TUR,25.03.2028,AVUNÇ,TEVS,T.C. İÇIŞLERI BAKANLIĞI
35,297851350,KARADENIZ,HAVSE,30.09.1975,K/F,O65N62589,TC/TUR,19.02.2026,MELÛL,ERGENER,T.C. İÇIŞLERI BAKANLIĞI
36,71120505083,KISAKÜREK,ERVANIYE,15.01.1986,K/F,I59O11961,TC/TUR,26.03.2028,MAHNAZ,OĞUZMAN,T.C. İÇIŞLERI BAKANLIĞI
37,7052280494,ŞENSOY,YOLAL,18.07.1969,E/M,K81Z97780,TC/TUR,11.12.2026,GÜLSÜ,MIHIN,T.C. İÇIŞLERI BAKANLIĞI
38,42462328071,MANÇO,HANSULTAN,12.07.1935,K/F,I33Z43804,TC/TUR,25.08.2026,TUĞÇE,ALEXANDRU,T.C. İÇIŞLERI BAKANLIĞI
39,76006895758,YILDIRIM,İLKIM,26.06.1956,E/M,Z37M50896,TC/TUR,08.07.2025,AYNIMAH,AKCIVAN,T.C. İÇIŞLERI BAKANLIĞI
40,6885892813,KORUTÜRK,MÜSEMMA,11.07.1969,K/F,Y62P35336,TC/TUR,18.05.2028,DURGADIN,KETE,T.C. İÇIŞLERI BAKANLIĞI
41,14941268965,YÜKSEL,BABA,26.09.1964,E/M,P20O04490,TC/TUR,23.01.2024,MEZIDE,ERTAN,T.C. İÇIŞLERI BAKANLIĞI
42,21548596760,ÜLKER,NILCAN,22.09.1943,K/F,X80I05208,TC/TUR,12.05.2028,ÇILGA,ÖZOKÇU,T.C. İÇIŞLERI BAKANLIĞI
43,45460413857,MANÇO,MUSAFFA,04.07.1974,K/F,O67K52362,TC/TUR,14.01.2022,ŞÜKÜFE,HIÇSÖNMEZ,T.C. İÇIŞLERI BAKANLIĞI
44,47349624363,ÇORLU,NURŞAN,19.09.1988,K/F,A34X96304,TC/TUR,26.10.2027,TÜRKNUR,TAHIR,T.C. İÇIŞLERI BAKANLIĞI
45,8811285116,DEMIREL,İMGE,03.12.2005,K/F,E66Z89351,TC/TUR,27.09.2029,SEMRIN,SÜHA,T.C. İÇIŞLERI BAKANLIĞI
46,61241011692,ASLAN,BATURAY,20.07.1955,E/M,E26O34285,TC/TUR,06.03.2029,MUVAHHIDE,BINBAŞAR,T.C. İÇIŞLERI BAKANLIĞI
47,22868486261,ERGÜL,CERCIS,24.09.2009,E/M,H86O32966,TC/TUR,05.12.2022,ATIYYE,ZIHNI,T.C. İÇIŞLERI BAKANLIĞI
48,66301216396,ERDOĞAN,GÜNKURT,23.01.1999,E/M,Y67B34008,TC/TUR,25.10.2025,FERYAS,CANTEZ,T.C. İÇIŞLERI BAKANLIĞI
49,62556030383,AKDENIZ,SAHIL,28.03.1946,K/F,N00B28347,TC/TUR,12.10.2022,BERIYE,AKKERMAN,T.C. İÇIŞLERI BAKANLIĞI
50,58568359252,YÜKSEL,SELCEN,21.11.1927,K/F,Z15A75707,KGZ,11.04.2027,DILHUŞ,ESENTÜRK,T.C. İÇIŞLERI BAKANLIĞI
51,77271688568,ÇORLU,COŞKUN,19.11.1944,E/M,N55X65853,TC/TUR,04.07.2022,LERZE,ŞEHAMET,T.C. İÇIŞLERI BAKANLIĞI
52,98739093816,FIRAT,NECMETTIN,30.10.1948,E/M,P79T74605,TC/TUR,24.04.2024,HEZNIYE,SARGIN,T.C. İÇIŞLERI BAKANLIĞI
53,96162693776,ZORLU,SUPHI,16.07.1971,E/M,B29N11670,TC/TUR,09.09.2028,YEKBUN,SULHI,T.C. İÇIŞLERI BAKANLIĞI
54,23806991449,ARSOY,ADAK,25.12.1947,E/M,P61B46186,TC/TUR,03.01.2030,SANAVBER,SEÇME,T.C. İÇIŞLERI BAKANLIĞI
55,1400354060,ŞENSOY,BILTAŞ,11.04.2003,E/M,O63I54587,TC/TUR,20.04.2030,TEMIME,AZETTIN,T.C. İÇIŞLERI BAKANLIĞI
56,73327121145,ÜLKER,SEDIFE,31.10.1975,K/F,Y99K65608,TC/TUR,26.06.2029,KAVER,YÜCELEN,T.C. İÇIŞLERI BAKANLIĞI
57,52810813815,YÜKSEL,ARIFCAN,19.06.1911,E/M,P13K41486,TC/TUR,03.12.2024,ZEHRANUR,ZIHNI,T.C. İÇIŞLERI BAKANLIĞI
58,21544157105,KISAKÜREK,ABDÜLKERIM,28.08.1939,E/M,Z41I87595,TC/TUR,06.10.2026,HATIN,HUDAVENT,T.C. İÇIŞLERI BAKANLIĞI
59,4881976821,SEZER,RAZI,12.01.1995,E/M,X39K42574,TC/TUR,05.06.2030,BALLI,ÖZSÖZLÜ,T.C. İÇIŞLERI BAKANLIĞI
60,59313231179,ARSOY,MÜLÂYIM,28.07.2006,E/M,H50T87023,TC/TUR,17.01.2028,GÜLEV,GÜNŞEN,T.C. İÇIŞLERI BAKANLIĞI
61,36782202331,YÜKSEL,YARGI,28.11.1986,E/M,Y91N63723,TC/TUR,05.11.2028,YURTSEVEN,ABDULKADIR,T.C. İÇIŞLERI BAKANLIĞI
62,11534274317,ERTAŞ,FERINAZ,18.04.1985,K/F,B27T39820,TC/TUR,10.10.2024,SIRAP,ÇAMOK,T.C. İÇIŞLERI BAKANLIĞI
63,17348412386,ERASLAN,ÜÇGÜL,03.07.1975,K/F,O63P95605,TC/TUR,02.01.2025,MÜMTAZE,RECEPALI,T.C. İÇIŞLERI BAKANLIĞI
64,4823776411,ALEMDAR,MIYESSER,03.11.1992,K/F,E01T55919,TC/TUR,10.01.2023,ZÜLBIYE,HALUK,T.C. İÇIŞLERI BAKANLIĞI
65,77745767626,DURMUŞ,ARMAHAN,02.01.1969,K/F,H85O91849,TC/TUR,29.02.2028,DILŞAT,TANYOLAÇ,T.C. İÇIŞLERI BAKANLIĞI
66,47439246786,DEMIR,İNSAF,16.01.1941,K/F,T42T95844,TC/TUR,06.08.2023,MUJDE,TUNÇKILIÇ,T.C. İÇIŞLERI BAKANLIĞI
67,70653152416,SEZGIN,KIRGIZ,13.04.1942,E/M,I00X23279,TC/TUR,23.03.2025,FEYHA,ONUKER,T.C. İÇIŞLERI BAKANLIĞI
68,34939529015,SEZER,FERYAS,28.02.1981,K/F,T55M22436,TC/TUR,22.04.2030,DUYGUHAN,ULU,T.C. İÇIŞLERI BAKANLIĞI
69,96861246277,ÇORLU,HANSULTAN,22.04.1998,K/F,A53N60009,TC/TUR,02.05.2028,İLKBAHAR,ÇERÇI,T.C. İÇIŞLERI BAKANLIĞI
70,57802107612,GÜÇLÜ,PEMBESIN,27.02.1923,K/F,I34K42650,TC/TUR,30.05.2023,İSRA,GÜÇLÜER,T.C. İÇIŞLERI BAKANLIĞI
71,82191932860,AKÇAY,BALATEKIN,03.02.2007,E/M,A81T28015,TC/TUR,19.08.2028,GÜLHISAR,ŞEFI,T.C. İÇIŞLERI BAKANLIĞI
72,87227634946,FIRAT,BIŞAR,30.04.1934,E/M,I12H04787,TC/TUR,02.07.2031,AYBET,TANDOĞDU,T.C. İÇIŞLERI BAKANLIĞI
73,56616524055,MANÇO,TUNGUÇ,09.01.1950,E/M,T38M94299,ROU,31.12.2027,SAMAHAT,ERKINEL,T.C. İÇIŞLERI BAKANLIĞI
74,43338147569,ALEMDAR,DENKEL,04.07.1972,E/M,P77B72902,TC/TUR,21.01.2027,AYDURU,ŞEMSETTIN,T.C. İÇIŞLERI BAKANLIĞI
75,37506996577,BILGIN,ABDULGAZI,10.04.2001,E/M,A89N51291,TC/TUR,06.02.2024,HASRET,ERDOGAN,T.C. İÇIŞLERI BAKANLIĞI
76,24882048725,GÜL,ALAADDIN,21.06.1919,E/M,H73T12591,TC/TUR,06.08.2023,HUBAN,ALIABBAS,T.C. İÇIŞLERI BAKANLIĞI
77,62293671578,ÖCALAN,YEKBUN,24.12.2005,K/F,B83Y74141,TC/TUR,13.07.2023,KITAN,PAKER,T.C. İÇIŞLERI BAKANLIĞI
78,81193324608,ASLAN,SUNEL,02.02.2001,E/M,E18H35798,AFG,17.09.2025,ŞILAN,SIYLIHAN,T.C. İÇIŞLERI BAKANLIĞI
79,4853387147,DURDU,SÜMEYYE,10.02.1964,E/M,Y53B06144,TC/TUR,06.02.2031,CANSEVEN,KOLDAN,T.C. İÇIŞLERI BAKANLIĞI
80,42609129094,KARADENIZ,RÜMEYSA,13.11.1998,K/F,Y88O06858,TC/TUR,31.10.2024,TEYBET,GÜÇLÜER,T.C. İÇIŞLERI BAKANLIĞI
81,41537100563,ÜLKER,KORUGAN,10.09.1992,E/M,H50P53350,NPL,23.10.2022,MUVAHHIDE,AYDINBEY,T.C. İÇIŞLERI BAKANLIĞI
82,54256217360,DURDU,GÜLŞA,10.06.1930,K/F,N19B99770,TC/TUR,21.05.2031,EŞIM,FERZI,T.C. İÇIŞLERI BAKANLIĞI
83,67866436850,ERDOĞAN,ERIK,07.06.1954,E/M,Z84T30570,TC/TUR,10.12.2022,SAYGIN,ALTOĞAN,T.C. İÇIŞLERI BAKANLIĞI
84,30541533342,TEVETOĞLU,YADIGAR,18.12.1958,E/M,M74Y35440,TC/TUR,04.04.2025,İZEL,ERKINEL,T.C. İÇIŞLERI BAKANLIĞI
85,4097269122,DURMUŞ,CANBERK,05.06.1964,E/M,N11K42849,TC/TUR,09.01.2025,GÜNEBAKAN,ERCIHAN,T.C. İÇIŞLERI BAKANLIĞI
86,99525643009,SAKARYA,SUPHI,06.01.1997,E/M,A73Y64581,TC/TUR,17.12.2021,RENGÜL,ÜNLEN,T.C. İÇIŞLERI BAKANLIĞI
87,83235801061,DEMIR,BAŞAY,17.08.1939,E/M,M80Z69891,TC/TUR,21.06.2024,GÜLDER,MESTUR,T.C. İÇIŞLERI BAKANLIĞI
88,55993240269,YAMAN,NAYIL,23.02.1969,E/M,A43B55161,TC/TUR,15.02.2024,AFIFE,ULUTAY,T.C. İÇIŞLERI BAKANLIĞI
89,34670798484,ZORLU,TUĞÇE,08.09.1937,K/F,P17A27997,TC/TUR,05.07.2025,SITI,ABDÜRREŞIT,T.C. İÇIŞLERI BAKANLIĞI
90,98399674010,YILDIRIM,ONUKER,11.07.1936,E/M,K45M44134,TC/TUR,04.08.2025,AYSUNA,AHAT,T.C. İÇIŞLERI BAKANLIĞI
91,56243501568,ALEMDAR,MIHRAB,13.11.1942,K/F,I08T26773,TC/TUR,23.03.2026,NAZ,DURUK,T.C. İÇIŞLERI BAKANLIĞI
92,3609255238,YAMAN,ÖZBILGE,03.06.1952,K/F,K55T98612,TC/TUR,12.12.2027,ŞAHINDER,SEVINDIK,T.C. İÇIŞLERI BAKANLIĞI
93,44149424674,BILGE,FAIZE,21.01.1946,K/F,B74E94942,TC/TUR,23.05.2023,HANBIKEN,OLDAĞ,T.C. İÇIŞLERI BAKANLIĞI
94,63205356658,DUMANLI,MUHAMMET,28.06.1961,E/M,B35Y65539,TC/TUR,05.11.2026,CANUR,KARAER,T.C. İÇIŞLERI BAKANLIĞI
95,3689751761,YILDIRIM,İZEL,21.10.1939,K/F,O60E93713,TC/TUR,05.11.2025,İZEL,NURAL,T.C. İÇIŞLERI BAKANLIĞI
96,7374726731,HAYRIOĞLU,SEFER,06.05.1972,K/F,E98N37889,TC/TUR,16.09.2022,SÜSEN,ÖZTÜRK,T.C. İÇIŞLERI BAKANLIĞI
97,95136199340,ÇORLU,GÜNSER,28.06.2007,E/M,E89M17008,TC/TUR,08.05.2025,EDAVIYE,SAMI,T.C. İÇIŞLERI BAKANLIĞI
98,32681167182,İNÖNÜ,YILDIR,08.10.1965,E/M,I83B15416,TC/TUR,22.03.2023,ADILA,ALANALP,T.C. İÇIŞLERI BAKANLIĞI
99,37522796661,ERDOĞAN,FATIGÜL,27.05.1947,K/F,H36M99539,LUX,21.12.2027,FERAYE,ÇAKAR,T.C. İÇIŞLERI BAKANLIĞI
100,20711715170,ARSOY,ISMIK,11.10.1923,E/M,T91K12489,TC/TUR,24.08.2026,ZAHFER,SERDA,T.C. İÇIŞLERI BAKANLIĞI
101,65646569924,GÜLEN,TIMURTAŞ,13.11.1961,E/M,N90X17456,TC/TUR,05.03.2025,ARZIYE,AĞMUR,T.C. İÇIŞLERI BAKANLIĞI
102,33183743030,AKGÜNDÜZ,NURTAÇ,18.09.1982,K/F,Y59O29103,TC/TUR,26.11.2026,HEVA,AKBOĞA,T.C. İÇIŞLERI BAKANLIĞI
103,15017208634,İHSANOĞLU,DENIZALP,03.05.1928,E/M,T79K47962,TC/TUR,23.02.2030,FEYHA,ABDULKADIR,T.C. İÇIŞLERI BAKANLIĞI
104,69894445082,MANSIZ,ATAGÜN,30.09.2002,E/M,Y92M46744,TC/TUR,08.12.2029,AŞHAN,MÜLÂYIM,T.C. İÇIŞLERI BAKANLIĞI
105,45733336428,MANÇO,TAŞKAN,18.12.1994,E/M,I88X90380,TC/TUR,11.03.2029,LÂLE,NABIL,T.C. İÇIŞLERI BAKANLIĞI
106,51819146222,ALEMDAR,ALAZ,31.08.1969,K/F,Z15B86625,TC/TUR,02.10.2024,TAGANGÜL,KARAKUCAK,T.C. İÇIŞLERI BAKANLIĞI
107,37674414453,SEZER,BORATAŞ,01.12.1912,E/M,M93A34593,TC/TUR,21.05.2027,EFIL,ROHAT,T.C. İÇIŞLERI BAKANLIĞI
108,48655547716,ERTAŞ,SOLMA,21.03.1974,K/F,N83I50045,TC/TUR,09.09.2029,NURVEREN,DÜNDARALP,T.C. İÇIŞLERI BAKANLIĞI
109,95100934715,MANÇO,KETE,27.07.1939,E/M,X66A94722,BIH,24.01.2024,ÇEVREGÜL,OKYALAZ,T.C. İÇIŞLERI BAKANLIĞI
110,67775679465,DURDU,DURGADIN,24.06.1926,K/F,B58E78665,TC/TUR,13.12.2021,MEYHANIM,İMAM,T.C. İÇIŞLERI BAKANLIĞI
111,91927158249,ERGÜL,LÂLE,19.10.1946,K/F,X49X61950,TC/TUR,15.05.2027,HOŞKADEM,ÜZER,T.C. İÇIŞLERI BAKANLIĞI
112,95483969110,SEVEN,AĞMUR,28.08.2002,E/M,Z53Y39052,TC/TUR,30.11.2028,AYTEN,AYAYDIN,T.C. İÇIŞLERI BAKANLIĞI
113,98434376381,ASLAN,REHIME,26.04.1989,K/F,E42K80271,JOR,17.10.2026,MÜĞBER,KIZILTUNÇ,T.C. İÇIŞLERI BAKANLIĞI
114,75321236014,SEVEN,ÇOĞAY,24.12.1991,E/M,X67T30710,TC/TUR,10.05.2027,AÇILAY,FEREMEZ,T.C. İÇIŞLERI BAKANLIĞI
115,37600900053,BILIR,NEZIHI,11.04.1926,E/M,H57H41795,TC/TUR,13.05.2025,ZERAFET,TOLONBAY,T.C. İÇIŞLERI BAKANLIĞI
116,80349883458,TÜRK,GENÇAY,26.09.1924,E/M,K63H16264,TC/TUR,15.06.2024,MEZIDE,TAŞAR,T.C. İÇIŞLERI BAKANLIĞI
117,97102447236,YILDIRIM,EZGIN,25.11.1957,K/F,X40E67846,TC/TUR,16.06.2022,REFET,YELESEN,T.C. İÇIŞLERI BAKANLIĞI
118,4092506171,AKAR,ENGINIZ,21.03.1938,E/M,A66T08253,TC/TUR,07.10.2030,HASRET,AKDURMUŞ,T.C. İÇIŞLERI BAKANLIĞI
119,93595677711,SOYLU,TORHAN,05.08.1984,E/M,H62P19487,TC/TUR,20.08.2029,AMRE,CEBESOY,T.C. İÇIŞLERI BAKANLIĞI
120,81864016894,İHSANOĞLU,AĞMUR,29.08.1997,E/M,X11I40393,TC/TUR,05.02.2023,SERVINAZ,ÇELIKKAN,T.C. İÇIŞLERI BAKANLIĞI
121,10710543020,GÜÇLÜ,PEMBESIN,30.09.1934,K/F,P77P88634,TC/TUR,09.06.2026,NEZIZE,GÖKNUR,T.C. İÇIŞLERI BAKANLIĞI
122,12650082625,ALEMDAR,DEMIROK,24.06.1916,E/M,P25T21075,TC/TUR,07.03.2030,YASEMEN,EMRULLAH,T.C. İÇIŞLERI BAKANLIĞI
123,1528966041,GÜL,MÜNEZZER,10.05.1923,K/F,N43M57512,TC/TUR,05.02.2031,GÜLÇE,NURETDIN,T.C. İÇIŞLERI BAKANLIĞI
124,87203521190,ÜLKER,GÜLGEN,14.12.2005,K/F,I12H93937,NLD,20.10.2024,LAIKA,SERDA,T.C. İÇIŞLERI BAKANLIĞI
125,4679980104,AKÇAY,MÜZEKKER,31.07.1991,E/M,K38K23488,TC/TUR,16.12.2026,YÜCEL,HAYRET,T.C. İÇIŞLERI BAKANLIĞI
126,3212503510,ÇETIN,TÜLIN,10.01.1975,K/F,A73E00400,TC/TUR,30.06.2030,MÜMTAZE,SAVNI,T.C. İÇIŞLERI BAKANLIĞI
127,96743891621,ŞAMA,ARIFCAN,24.11.1981,E/M,P07Z97759,TC/TUR,29.06.2031,VARLIK,ZAMIR,T.C. İÇIŞLERI BAKANLIĞI
128,69721253511,YORULMAZ,ABDÜLKERIM,12.01.1917,E/M,N85E22633,TC/TUR,15.12.2028,GÖRSEV,BILENDER,T.C. İÇIŞLERI BAKANLIĞI
129,4270308170,SEVEN,SAYDAM,12.09.1996,E/M,O92H55847,TC/TUR,08.04.2023,BEYHATUN,ERKSOY,T.C. İÇIŞLERI BAKANLIĞI
130,6374913187,ALEMDAR,SAVNI,16.02.1912,E/M,H19O97281,TC/TUR,11.03.2027,ÖRFIYE,ÖĞET,T.C. İÇIŞLERI BAKANLIĞI
131,86492970999,TÜRK,NIĞMET,11.12.1966,K/F,Z77K61366,TC/TUR,08.04.2029,HAYRÜNNISA,TEKECAN,T.C. İÇIŞLERI BAKANLIĞI
132,56951137681,ŞENER,UFUKAY,04.02.1967,K/F,B58K28320,TC/TUR,18.03.2026,AYTÖZ,ADAK,T.C. İÇIŞLERI BAKANLIĞI
133,26120777427,ÇETIN,DIVAN,03.06.2007,K/F,K69X86568,TC/TUR,25.02.2022,EMINE.,ŞAHAT,T.C. İÇIŞLERI BAKANLIĞI
134,45545276734,AKDENIZ,RAKIDE,21.09.1919,K/F,X89H29241,TC/TUR,21.12.2027,MUHIYE,BAYTAL,T.C. İÇIŞLERI BAKANLIĞI
135,33765256794,ARSLAN,ŞAZIME,06.04.1945,K/F,I26Z36331,TC/TUR,12.02.2024,HINET,HIÇSÖNMEZ,T.C. İÇIŞLERI BAKANLIĞI
136,67009130208,GÜÇLÜ,ORÇIN,15.02.1912,K/F,I54N95912,TC/TUR,27.12.2029,SULTANE,İLALMIŞ,T.C. İÇIŞLERI BAKANLIĞI
137,40709343278,KARADENIZ,DÜNDARALP,22.09.1943,E/M,E20Y21463,TC/TUR,08.02.2028,GONCAFER,SAVNI,T.C. İÇIŞLERI BAKANLIĞI
138,3933301108,ZENGIN,ÇELEM,22.01.1925,E/M,P29E42197,TC/TUR,15.11.2021,ADVIYE,ÖZKENT,T.C. İÇIŞLERI BAKANLIĞI
139,8064685149,SEZER,TANGÜL,01.09.1947,K/F,H30T43178,TC/TUR,27.01.2028,AKGÜNEŞ,ERSEÇ,T.C. İÇIŞLERI BAKANLIĞI
140,34302917061,DEMIR,IŞIN,12.06.1916,K/F,K75T82932,TC/TUR,24.07.2022,FAIZE,DEVINER,T.C. İÇIŞLERI BAKANLIĞI
141,93225253744,YILDIRIM,AKMARAL,22.02.1933,K/F,H34H74277,TC/TUR,12.12.2028,SAHIL,ÖZTÜRK,T.C. İÇIŞLERI BAKANLIĞI
142,54501532184,ŞENSOY,KORAY,20.06.1915,E/M,Y29T02106,TC/TUR,18.03.2027,UĞUR,YILMAZ,T.C. İÇIŞLERI BAKANLIĞI
143,59531196914,ÖCALAN,FILIT,15.05.2005,E/M,Z98A80676,TC/TUR,30.08.2022,ZEYNO,ŞENKAL,T.C. İÇIŞLERI BAKANLIĞI
144,91061801137,ŞAFAK,ÜBEYDULLAH,31.07.1978,E/M,M89M67585,KOR,02.03.2029,AYTÖZ,HÜRYAŞAR,T.C. İÇIŞLERI BAKANLIĞI
145,82165455244,ŞAMA,BULUNÇ,09.01.1993,E/M,X63K19175,TC/TUR,24.03.2025,RAFIA,URHAN,T.C. İÇIŞLERI BAKANLIĞI
146,63268845416,ŞAMA,NAZENDE,05.02.1962,K/F,H35M84327,TC/TUR,22.06.2024,DILŞAT,AKDORA,T.C. İÇIŞLERI BAKANLIĞI
147,28723225932,BILIR,SAYIN,01.05.1984,E/M,H24O87083,TC/TUR,13.05.2029,MEFHARET,UTKUCAN,T.C. İÇIŞLERI BAKANLIĞI
148,77449161923,SOYLU,EVCIMEN,20.01.1952,E/M,B94Z27604,TC/TUR,13.11.2027,SEJDA,ABDULMENAF,T.C. İÇIŞLERI BAKANLIĞI
149,15162909431,YILMAZ,YEŞIL,13.06.1939,K/F,E02Y77198,BEN,10.05.2024,MENFEAT,KAVURT,T.C. İÇIŞLERI BAKANLIĞI
150,65882802632,BILGE,MUARRA,24.10.1990,K/F,M82O37694,TC/TUR,08.12.2022,ÜMMÜHAN,KELÂMI,T.C. İÇIŞLERI BAKANLIĞI
151,31362543583,YAMAN,EMIŞ,29.07.1945,K/F,M69X04416,TC/TUR,20.03.2031,AFIFE,KORKMAZALP,T.C. İÇIŞLERI BAKANLIĞI
152,7091965741,ASLAN,BENGIBAY,10.06.1914,E/M,T67P36391,TC/TUR,24.03.2027,LERZE,AĞMUR,T.C. İÇIŞLERI BAKANLIĞI
153,75343852768,AKÇAY,BESIN,25.11.1932,E/M,O23B52899,TC/TUR,13.09.2030,MÜKRÜME,JANKAT,T.C. İÇIŞLERI BAKANLIĞI
154,19301497646,SEZGIN,TUĞTAŞ,13.03.1925,E/M,P33E73113,TC/TUR,26.12.2021,MÜNEZZER,SEVDI,T.C. İÇIŞLERI BAKANLIĞI
155,83552774854,YÜKSEL,NESIP,17.03.1939,E/M,A64X53878,TC/TUR,30.08.2025,RENGÜL,CERCIS,T.C. İÇIŞLERI BAKANLIĞI
156,85115857734,İHSANOĞLU,ŞIDE,15.12.1993,E/M,O61P05892,TC/TUR,25.03.2026,ŞAZIME,ÜNSEVER,T.C. İÇIŞLERI BAKANLIĞI
157,69055594343,YILMAZ,CABIR,01.08.1938,E/M,H71T47481,TC/TUR,08.10.2029,FEYHA,ÇELEM,T.C. İÇIŞLERI BAKANLIĞI
158,39206231598,TARHAN,PEHLIL,20.10.1970,E/M,T43H56397,TC/TUR,20.11.2025,GONCAFER,VERIM,T.C. İÇIŞLERI BAKANLIĞI
159,40948857326,ZORLU,KÖKER,05.02.1957,E/M,Z37O51473,TC/TUR,12.05.2024,MIHRIYE,HAMI,T.C. İÇIŞLERI BAKANLIĞI
160,56478594001,ERASLAN,SELMIN,23.07.1981,K/F,Y41Y08949,TC/TUR,13.01.2025,AYNILHAYAT,ABID,T.C. İÇIŞLERI BAKANLIĞI
161,57639106651,MANÇO,ONUKER,06.12.1991,E/M,H46E06327,TC/TUR,16.06.2022,SADIYE,BAHADDIN,T.C. İÇIŞLERI BAKANLIĞI
162,31280446689,ALEMDAR,AHTER,09.08.1986,K/F,T50Y90357,TC/TUR,20.03.2022,HÜDA,KERMAN,T.C. İÇIŞLERI BAKANLIĞI
163,42373567281,GÜLEN,BAHADDIN,12.02.1915,E/M,X89M12186,TC/TUR,27.10.2029,SIDAR,REFIK,T.C. İÇIŞLERI BAKANLIĞI
164,14708323081,ARSLAN,ALPSÜ,08.04.2000,E/M,M87K19353,TC/TUR,24.09.2022,DÖNER,TAYAYDIN,T.C. İÇIŞLERI BAKANLIĞI
165,36404053379,BILGIN,NURSER,08.08.2011,K/F,P86T53916,TC/TUR,01.03.2027,İDE,FEREMEZ,T.C. İÇIŞLERI BAKANLIĞI
166,53206525015,BILIR,YILDIZ,08.05.1997,K/F,K61M19903,TC/TUR,18.04.2027,FERMUTA,HALUK,T.C. İÇIŞLERI BAKANLIĞI
167,58687025083,ERGÜL,SEMRIN,12.05.1924,K/F,T93K00928,TC/TUR,25.09.2025,RIFKIYE,BALTAŞ,T.C. İÇIŞLERI BAKANLIĞI
168,6977260062,SEVEN,PEMBESIN,12.12.2002,K/F,N90Y69799,TC/TUR,28.10.2029,RAYLA,GÜMÜŞTEKIN,T.C. İÇIŞLERI BAKANLIĞI
169,80016870047,AKDENIZ,NAIDE,19.03.1964,K/F,N02B29474,TC/TUR,16.04.2022,PAKSU,ŞALI,T.C. İÇIŞLERI BAKANLIĞI
170,80456443730,ÇAMURCUOĞLU,TEZCAN,24.12.1961,E/M,Y43I94672,TC/TUR,27.11.2023,GÖZEM,GÖRKLÜ,T.C. İÇIŞLERI BAKANLIĞI
171,98871035184,ŞAMA,ŞEHAMET,12.07.1946,E/M,B02O11702,TC/TUR,03.12.2021,ÖRFIYE,VAYSAL,T.C. İÇIŞLERI BAKANLIĞI
172,22242734687,DURMUŞ,NIHAI,23.07.1979,E/M,Z99M07422,TC/TUR,04.01.2027,MASUME,SONGURKAN,T.C. İÇIŞLERI BAKANLIĞI
173,28924825583,İNÖNÜ,KUMRAL,28.02.1942,K/F,A61E18526,TC/TUR,06.01.2024,EFIL,RAFIH,T.C. İÇIŞLERI BAKANLIĞI
174,51247549896,YILDIRIM,YADIGAR,12.11.1999,E/M,M56M74221,BWA,20.08.2028,HENIFE,YALTIRAK,T.C. İÇIŞLERI BAKANLIĞI
175,50647848135,DUMANLI,FEDEN,03.12.1989,K/F,B86A29011,AGO,04.06.2025,MECIDE,TAYAYDIN,T.C. İÇIŞLERI BAKANLIĞI
176,30999387230,ASLAN,KADER,22.04.1992,K/F,X91E39208,TC/TUR,11.02.2028,YILDIZ,KORUGAN,T.C. İÇIŞLERI BAKANLIĞI
177,26235451108,DEMIREL,HAVALI,21.01.1953,K/F,H75H82846,TC/TUR,28.07.2024,ŞEREF,ERDIBAY,T.C. İÇIŞLERI BAKANLIĞI
178,88565543892,ZORLU,MUHAMMET,27.09.1937,E/M,Z67E34677,TC/TUR,18.08.2029,RAHIYE,İŞCAN,T.C. İÇIŞLERI BAKANLIĞI
179,28625595873,ÇAMURCUOĞLU,SAYIN,15.09.1982,E/M,N71T26427,MCO,10.11.2021,NAZENDE,SEYDO,T.C. İÇIŞLERI BAKANLIĞI
180,248989444,ÇORLU,CEVALE,24.03.1986,K/F,I91N28907,TC/TUR,13.01.2027,LAZE,YAŞATTIN,T.C. İÇIŞLERI BAKANLIĞI
181,84151211881,ERASLAN,AKMARAL,16.08.1962,K/F,X39K66513,JPN,05.03.2026,GÜLDER,ZIYAETTIN,T.C. İÇIŞLERI BAKANLIĞI
182,96480745065,DURMUŞ,ATALAY,14.04.1946,E/M,A45A45069,TC/TUR,08.09.2021,GÜNGÖREN,BAYDU,T.C. İÇIŞLERI BAKANLIĞI
183,60985112961,GÜL,AÇILAY,24.11.1953,K/F,B59Y54664,TC/TUR,26.08.2029,GÜVERÇIN,İLKIM,T.C. İÇIŞLERI BAKANLIĞI
184,49074871873,BILGIN,HUZURI,01.12.1961,E/M,K60Y59000,TC/TUR,27.07.2030,ŞAHINDER,AĞMUR,T.C. İÇIŞLERI BAKANLIĞI
185,14186397799,GÜÇLÜ,YÖNETMEN,15.04.1987,E/M,P68K69608,TC/TUR,05.02.2028,ZEYNO,BINIŞIK,T.C. İÇIŞLERI BAKANLIĞI
186,90458682937,ÇETIN,AYNIMAH,29.08.1995,K/F,P81E39560,TC/TUR,19.09.2026,VACIBE,ÖVER,T.C. İÇIŞLERI BAKANLIĞI
187,27334816929,AKÇAY,SAÇI,04.06.1917,K/F,N14Y81016,TC/TUR,16.05.2027,GELENGÜL,MÖHSIM,T.C. İÇIŞLERI BAKANLIĞI
188,36948391359,KISAKÜREK,ERAYCAN,19.12.1968,E/M,B43E35092,TC/TUR,15.03.2028,ÖZYURT,MUKTEDIR,T.C. İÇIŞLERI BAKANLIĞI
189,32567878166,SOYLU,AYGUTALP,03.09.1987,E/M,M29H05672,TC/TUR,19.06.2024,GÜL,ERŞAT,T.C. İÇIŞLERI BAKANLIĞI
190,69702392959,AKDENIZ,KÜBRAN,02.08.2010,K/F,Z11M93679,BLZ,22.10.2023,ERBAY,MUSAFET,T.C. İÇIŞLERI BAKANLIĞI
191,85782984226,DEMIREL,ZILFA,14.08.1947,K/F,O18E90914,TC/TUR,10.08.2026,GÜLDER,ŞAFII,T.C. İÇIŞLERI BAKANLIĞI
192,29511989570,DURAN,DIRLIK,07.04.1986,E/M,Z03M44790,TC/TUR,22.10.2028,SALIMET,RAFIH,T.C. İÇIŞLERI BAKANLIĞI
193,29723841471,TARHAN,NURHAYET,15.12.1956,K/F,H41T47506,TC/TUR,24.05.2029,ZEVLÜDE,SUDI,T.C. İÇIŞLERI BAKANLIĞI
194,63432572064,ÇETIN,GÜNSEL,11.01.2010,K/F,B64Z89569,TC/TUR,10.12.2024,GÜLSÜ,HIFZULLAH,T.C. İÇIŞLERI BAKANLIĞI
195,41016047591,MANSIZ,RANA,01.02.2003,K/F,H36I82608,TC/TUR,03.03.2028,NALÂN,ULU,T.C. İÇIŞLERI BAKANLIĞI
196,93493301051,KISAKÜREK,GÜNKURT,18.12.1933,E/M,A95M49562,TC/TUR,27.11.2025,BASRIYE,KAŞIF,T.C. İÇIŞLERI BAKANLIĞI
197,40282797932,ASLAN,TANBAY,18.12.1943,E/M,N46P07656,TC/TUR,17.02.2026,TÜRCAN,ALSOY,T.C. İÇIŞLERI BAKANLIĞI
198,75476459352,YORULMAZ,DUYGUHAN,26.08.1915,K/F,E76H20273,TC/TUR,01.06.2028,BELKIZE,TANAK,T.C. İÇIŞLERI BAKANLIĞI
199,27450909585,SEVEN,ÖZLEM,04.11.1920,K/F,Y04P72112,TC/TUR,15.11.2027,NEŞRIN,AKÇASU,T.C. İÇIŞLERI BAKANLIĞI
200,69437362584,KARADENIZ,ÖZGÜR,03.08.1984,E/M,K09K09319,TC/TUR,16.09.2030,BEYHATUN,BILTAŞ,T.C. İÇIŞLERI BAKANLIĞI
201,72008287909,ARSOY,ALTINBIKE,30.07.1986,K/F,P66M94665,TC/TUR,22.10.2025,NESFE,ARCAN,T.C. İÇIŞLERI BAKANLIĞI
202,71738604391,YAMAN,KÜBRAN,24.01.1923,K/F,T91H13828,TC/TUR,18.09.2026,SEJDA,MECIT,T.C. İÇIŞLERI BAKANLIĞI
203,72079282382,ÇAMURCUOĞLU,TANHAN,13.05.1979,E/M,T26N49694,TC/TUR,26.01.2028,TERCAN,SEHA,T.C. İÇIŞLERI BAKANLIĞI
204,76500874945,ERDOĞAN,AYSEVIM,30.04.1975,K/F,A51Y93529,TC/TUR,22.11.2025,GÖK,DORUKHAN,T.C. İÇIŞLERI BAKANLIĞI
205,69997172471,AKDENIZ,TANHAN,18.12.1981,E/M,T62O79878,TC/TUR,14.09.2024,GÜLÜS,ERDOGAN,T.C. İÇIŞLERI BAKANLIĞI
206,49362812006,DURDU,NAZIDIL,02.10.1978,K/F,E87M27307,TC/TUR,05.04.2031,ZELHA,MEHMED,T.C. İÇIŞLERI BAKANLIĞI
207,66377254737,KARADENIZ,KÜRŞAD,05.01.1978,E/M,M71Y15643,TC/TUR,11.04.2024,DURSADIYE,KASIM,T.C. İÇIŞLERI BAKANLIĞI
208,86498893488,HANÇER,HABIBE,05.05.1978,K/F,E25P27746,TC/TUR,20.01.2025,SELVI,DAYAR,T.C. İÇIŞLERI BAKANLIĞI
209,25749101201,AKÇA,TÜRKALP,05.06.1934,E/M,K07I31349,TC/TUR,11.01.2022,GÜLSEREN,SIPER,T.C. İÇIŞLERI BAKANLIĞI
210,32676508319,MANSIZ,TÜMER,19.05.2005,E/M,A41M08133,TC/TUR,06.10.2026,MAHTER,MUVAFFAK,T.C. İÇIŞLERI BAKANLIĞI
211,36799231031,ARSOY,NADES,09.12.1966,K/F,M17E79034,TC/TUR,23.08.2030,RAFIA,KORAY,T.C. İÇIŞLERI BAKANLIĞI
212,89197035493,SAKARYA,IŞIKAY,14.11.1983,E/M,Y91Y43718,SMR,16.05.2027,SÖYLER,ŞAFII,T.C. İÇIŞLERI BAKANLIĞI
213,74139107538,GÜLEN,GÜNEBAKAN,18.05.1981,K/F,N25K87457,TC/TUR,08.10.2030,ZÜLBIYE,ŞEKIM,T.C. İÇIŞLERI BAKANLIĞI
214,51293450882,MANÇO,ÖZGÜN,30.09.1912,K/F,K84M76251,TC/TUR,01.08.2023,YASEMEN,CANSIN,T.C. İÇIŞLERI BAKANLIĞI
215,66079497742,ŞENSOY,KIRAT,28.06.1978,E/M,Y76M19952,TC/TUR,08.06.2024,EMAL,DURMUŞALI,T.C. İÇIŞLERI BAKANLIĞI
216,80293125710,AKDENIZ,KOÇAK,26.10.1957,E/M,X31B29996,TC/TUR,07.11.2023,GÖLI,ÇIDAL,T.C. İÇIŞLERI BAKANLIĞI
217,18585369149,ZENGIN,KIRGIZ,16.07.1917,E/M,H42K69669,TC/TUR,11.01.2031,FEDEN,BAHITTIN,T.C. İÇIŞLERI BAKANLIĞI
218,11487329221,AKÇAY,NECDAT,13.01.1932,E/M,P30I66013,TC/TUR,22.12.2021,AYLIL,CELILAY,T.C. İÇIŞLERI BAKANLIĞI
219,7529918794,ERDOĞAN,KONGURALP,10.03.1974,E/M,P59X34666,TC/TUR,25.06.2023,BIRSAN,AKKERMAN,T.C. İÇIŞLERI BAKANLIĞI
220,60470273150,ARSOY,İKLIM,23.09.2008,K/F,N03Y91191,TC/TUR,05.12.2030,AYHAN,DOLUN,T.C. İÇIŞLERI BAKANLIĞI
221,1752715023,AKÇAY,MÜFIT,06.09.1958,E/M,H27H26182,TC/TUR,05.02.2025,ÖVÜN,TOĞAN,T.C. İÇIŞLERI BAKANLIĞI
222,99307593346,ERASLAN,ŞEYDA,12.05.1969,K/F,N24T86720,TC/TUR,19.01.2023,ASLIYE,BILTAŞ,T.C. İÇIŞLERI BAKANLIĞI
223,74336905408,DURAN,İLGI,21.10.1923,E/M,H64A51129,TC/TUR,26.04.2029,MASUME,BENOL,T.C. İÇIŞLERI BAKANLIĞI
224,5495026679,ŞENER,FATMANUR,27.06.1961,K/F,O24E38024,TC/TUR,09.04.2026,AKAY,DEMIRBÜKEN,T.C. İÇIŞLERI BAKANLIĞI
225,93163687538,MANSIZ,CENAN,11.05.1993,E/M,X10Y27406,TC/TUR,09.04.2030,MELIKKAN,KIYASI,T.C. İÇIŞLERI BAKANLIĞI
226,9603388215,SEVEN,YÜCEL,06.07.1920,K/F,A36O51230,TC/TUR,13.08.2023,AYKUT,MERDI,T.C. İÇIŞLERI BAKANLIĞI
227,35270252541,AKÇAY,MÜFIT,26.07.1951,E/M,N53P92368,TC/TUR,03.03.2029,TÜLIN,İLALMIŞ,T.C. İÇIŞLERI BAKANLIĞI
228,29721074107,KORUTÜRK,SEDIFE,22.05.1989,K/F,A42M53757,TC/TUR,02.04.2025,AYASUN,FEYRUZ,T.C. İÇIŞLERI BAKANLIĞI
229,90381033046,TARHAN,KALGAY,27.03.1975,E/M,N45T33565,TC/TUR,30.06.2026,ERVANIYE,RUHSAT,T.C. İÇIŞLERI BAKANLIĞI
230,60530927536,ŞAMA,ELVAN,06.12.1960,K/F,N75O48670,TC/TUR,05.07.2026,NURBANU,SUDI,T.C. İÇIŞLERI BAKANLIĞI
231,36774749709,ŞENSOY,ÖZGÜR,01.09.1947,E/M,A80H29402,TC/TUR,21.01.2031,ŞAHINDER,KARABAŞ,T.C. İÇIŞLERI BAKANLIĞI
232,93061558975,BILGE,YEKDA,19.09.1923,E/M,N48T05576,TC/TUR,29.10.2029,MÜŞÜRE,ÖZPINAR,T.C. İÇIŞLERI BAKANLIĞI
233,67731107289,YÜKSEL,ULUTAY,17.09.1932,E/M,I06B37148,TC/TUR,05.02.2023,SERDA,ELNUR,T.C. İÇIŞLERI BAKANLIĞI
234,28192440762,HAYRIOĞLU,GÜLFARI,05.02.1998,K/F,K90K21691,TC/TUR,29.08.2027,NILCAN,DEMIROK,T.C. İÇIŞLERI BAKANLIĞI
235,55953397432,KISAKÜREK,HAMIYET,10.05.1963,K/F,Z47H30648,TC/TUR,15.09.2026,SEVGEN,OĞULBAŞ,T.C. İÇIŞLERI BAKANLIĞI
236,5027926813,TARHAN,YURTSEVEN,21.12.1957,K/F,A51P40236,TC/TUR,26.11.2027,ÜMMÜHAN,HAKIKAT,T.C. İÇIŞLERI BAKANLIĞI
237,20214830287,SAKARYA,İLPER,19.01.1934,K/F,B10B54994,TC/TUR,10.02.2031,ZERIDE,GÖKTEN,T.C. İÇIŞLERI BAKANLIĞI
238,99206898793,YORULMAZ,MERIM,16.11.1944,K/F,T13P45315,MLI,02.09.2030,NEPTÜN,OLIVER,T.C. İÇIŞLERI BAKANLIĞI
239,84541345750,TÜRK,TULUN,08.06.1938,E/M,Z71O37130,TC/TUR,18.09.2021,CUHEYNA,TAŞKAN,T.C. İÇIŞLERI BAKANLIĞI
240,24371107274,YILMAZ,MASAR,16.06.1977,E/M,Y49K16552,TC/TUR,01.06.2029,SAHIL,MUHYETTIN,T.C. İÇIŞLERI BAKANLIĞI
241,42106674389,ARSOY,VEZRIFE,09.05.1967,K/F,X11Z07067,TC/TUR,16.09.2021,GÜNGÖREN,TOKÖZ,T.C. İÇIŞLERI BAKANLIĞI
242,75746710966,ÖCALAN,ELNUR,30.09.1976,E/M,B95N45412,TC/TUR,26.10.2029,GÜLEV,KAHIR,T.C. İÇIŞLERI BAKANLIĞI
243,58934714170,AKAR,PESENT,21.10.1961,K/F,Y36K86926,TC/TUR,21.11.2025,SABIHE,YALTIRAK,T.C. İÇIŞLERI BAKANLIĞI
244,18024278172,MANÇO,VAHITTIN,23.10.1931,E/M,T18H50447,TC/TUR,24.04.2022,NEFARET,FATIH,T.C. İÇIŞLERI BAKANLIĞI
245,202417374,İHSANOĞLU,SELMIN,11.12.1986,K/F,M01T00064,TC/TUR,29.02.2024,EŞIM,TAMAYDIN,T.C. İÇIŞLERI BAKANLIĞI
246,84893227427,AKÇAY,HANEDAN,03.12.1995,E/M,Y72I93546,TC/TUR,08.10.2029,PESENT,İMREN,T.C. İÇIŞLERI BAKANLIĞI
247,63058193908,ÇAMURCUOĞLU,ÇIVGIN,22.04.1929,E/M,B42X44454,TC/TUR,23.11.2023,KÂZIME,İMAM,T.C. İÇIŞLERI BAKANLIĞI
248,53104695199,İNÖNÜ,ZAHFER,29.09.1927,K/F,P15K46881,TC/TUR,20.01.2024,SUNAY,İVECEN,T.C. İÇIŞLERI BAKANLIĞI
249,85465265647,DURDU,ALIŞIK,30.11.1942,K/F,K15P49564,TC/TUR,18.12.2025,YEŞIL,MEHMETZAHIR,T.C. İÇIŞLERI BAKANLIĞI
250,46546276015,BILGIN,İLIM,20.01.1956,E/M,P71N90346,TC/TUR,06.09.2027,UFUKAY,SAMURTAY,T.C. İÇIŞLERI BAKANLIĞI
251,67140712095,ÇAMURCUOĞLU,UMUTCAN,15.12.1968,E/M,N33K68671,TC/TUR,19.01.2029,GÜLBIYE,İLDEM,T.C. İÇIŞLERI BAKANLIĞI
252,38991133938,SOYLU,AYTEN,05.03.1927,K/F,B43O39988,SOM,01.05.2030,ÜMRAY,KAYAGÜN,T.C. İÇIŞLERI BAKANLIĞI
253,74617915190,AKSU,UMUŞAN,11.06.1913,K/F,B51B37232,TC/TUR,22.04.2027,MAHTER,ULU,T.C. İÇIŞLERI BAKANLIĞI
254,43852111381,AKÇA,BELKIZE,01.01.1922,K/F,X70E73464,TC/TUR,07.06.2029,ŞADIMAN,AKCIVAN,T.C. İÇIŞLERI BAKANLIĞI
255,43119858897,SEZGIN,ÇAĞLASIN,23.01.1983,E/M,I13O98014,TC/TUR,07.08.2025,NECILAL,İMREN,T.C. İÇIŞLERI BAKANLIĞI
256,82562468622,SOYLU,SOYKUT,24.04.1925,E/M,O45T92951,TC/TUR,13.12.2023,GÜLSIYE,MANSURALI,T.C. İÇIŞLERI BAKANLIĞI
257,94192701838,YÜKSEL,GÜVERÇIN,23.05.1978,K/F,E26P18502,TC/TUR,22.04.2022,BELGIZAR,ŞAHAT,T.C. İÇIŞLERI BAKANLIĞI
258,11583309762,KISAKÜREK,ANNAK,06.08.1930,E/M,I25K52024,TC/TUR,08.02.2024,CEVALE,ŞENKAL,T.C. İÇIŞLERI BAKANLIĞI
259,41318440254,ŞENSOY,HOŞKADEM,13.08.1975,K/F,I32B43809,MCO,14.10.2025,DURSADIYE,YENERAL,T.C. İÇIŞLERI BAKANLIĞI
260,15108956325,TÜRK,JARUTHIP,15.07.1977,K/F,Y49Z90359,TC/TUR,07.11.2021,CUHEYNA,FAHRULLAH,T.C. İÇIŞLERI BAKANLIĞI
261,98051155676,ŞENSOY,BILAY,23.02.1942,K/F,K25E12412,TC/TUR,19.02.2025,PAKSU,HÜRYAŞAR,T.C. İÇIŞLERI BAKANLIĞI
262,18045187133,MANSIZ,ALKOR,13.07.1955,E/M,K15M17509,TC/TUR,07.06.2025,NEVAL,KÂMIL,T.C. İÇIŞLERI BAKANLIĞI
263,69573801514,ZORLU,NILI,27.04.1966,K/F,Y81P87296,TC/TUR,27.02.2024,ACARKAN,TANIR,T.C. İÇIŞLERI BAKANLIĞI
264,60178262869,BILIR,ÖVER,20.07.1959,E/M,M65Y80265,TC/TUR,23.12.2026,NÜDRET,MEVLÜT,T.C. İÇIŞLERI BAKANLIĞI
265,71906926273,HANÇER,BALLI,06.09.1937,K/F,K47N02264,NLD,25.03.2023,SADETI,TANSIĞ,T.C. İÇIŞLERI BAKANLIĞI
266,88914413787,İHSANOĞLU,CEVHERI,10.06.1941,E/M,I39N00431,TC/TUR,24.09.2022,EDAVIYE,ŞEMSETTIN,T.C. İÇIŞLERI BAKANLIĞI
267,30664300197,ZENGIN,AKMANER,09.08.1932,E/M,A89Z47545,KAZ,01.04.2030,MERBA,ARIFCAN,T.C. İÇIŞLERI BAKANLIĞI
268,71384606415,ÇORLU,ALPIN,04.11.1961,E/M,P69Z36004,TC/TUR,03.05.2028,NAIDE,COŞKUN,T.C. İÇIŞLERI BAKANLIĞI
269,26691509814,KARADENIZ,ŞAYAN,09.06.1915,K/F,M92H28232,TC/TUR,09.09.2026,ÜGE,GÖZEL,T.C. İÇIŞLERI BAKANLIĞI
270,34661250784,ZORLU,RAKIDE,23.05.1929,K/F,O40X76834,TC/TUR,28.06.2027,NECVA,ÖZALPSAN,T.C. İÇIŞLERI BAKANLIĞI
271,34530245703,ASLAN,SALURBAY,13.07.1972,E/M,K28P47879,TC/TUR,25.07.2025,UMMAHANI,VERIM,T.C. İÇIŞLERI BAKANLIĞI
272,97126898316,ÜLKER,DURUÖZ,21.03.1927,E/M,H08X38790,TC/TUR,22.06.2027,MUKBILE,İVECEN,T.C. İÇIŞLERI BAKANLIĞI
273,36233875957,AKDENIZ,BERRIN,06.05.1950,K/F,K80E05340,TC/TUR,01.02.2031,NÜRICE,EFSER,T.C. İÇIŞLERI BAKANLIĞI
274,32601131306,GÜLEN,KALGAY,11.11.1955,E/M,I17X93766,TC/TUR,23.01.2031,TANGÜL,FERIHAN,T.C. İÇIŞLERI BAKANLIĞI
275,82755193194,ŞENER,ERDOGAN,30.04.1912,E/M,O19B01643,TC/TUR,25.05.2025,MERBA,SAMI,T.C. İÇIŞLERI BAKANLIĞI
276,560761206,HANÇER,JANKAT,08.07.2011,E/M,K18M92298,TC/TUR,07.10.2030,ARMAHAN,ÖNEL,T.C. İÇIŞLERI BAKANLIĞI
277,22987336870,DUMANLI,ZAHFER,24.02.1985,K/F,B09Z00694,TON,09.10.2029,FEDEN,ERAYCAN,T.C. İÇIŞLERI BAKANLIĞI
278,12898315563,KARADENIZ,SEVIM,10.01.1944,K/F,T29E43533,TC/TUR,07.07.2031,MAŞIDE,VARGIN,T.C. İÇIŞLERI BAKANLIĞI
279,93775697321,TÜRK,BASIM,14.04.1955,E/M,X00E28159,VNM,29.10.2027,YAZGÜL,NIHAI,T.C. İÇIŞLERI BAKANLIĞI
280,25743652690,YÜKSEL,GÜNAR,30.09.1999,K/F,T54K56650,TC/TUR,02.04.2030,EFIL,BELLISAN,T.C. İÇIŞLERI BAKANLIĞI
281,29561584602,DURDU,ŞAZIME,14.04.1955,K/F,K36K15701,TC/TUR,07.04.2025,İLDEŞ,CABIR,T.C. İÇIŞLERI BAKANLIĞI
282,8497288607,HANÇER,GÜNSEL,29.01.1988,K/F,X02P61479,TC/TUR,15.11.2030,YURTSEVEN,OMACA,T.C. İÇIŞLERI BAKANLIĞI
283,72378910321,ERTAŞ,OKGÜÇLÜ,04.07.1926,E/M,O14B91121,TC/TUR,10.05.2026,VECIDE,BÖRTEÇIN,T.C. İÇIŞLERI BAKANLIĞI
284,60528432442,MANÇO,ÇEVIKÖZ,08.02.1929,E/M,K31K13345,TC/TUR,30.10.2028,AYSUNA,YILMAZ,T.C. İÇIŞLERI BAKANLIĞI
285,32451667693,GÜL,ÇAVULDUR,15.07.1960,E/M,P93P08933,TC/TUR,08.03.2023,BÜREYRE,BAYZETTIN,T.C. İÇIŞLERI BAKANLIĞI
286,86830677176,ERDOĞAN,FATIH,28.11.1967,E/M,A39B50636,TC/TUR,23.03.2023,ARMAHAN,KÂMIL,T.C. İÇIŞLERI BAKANLIĞI
287,55268788771,DEMIREL,HENIFE,08.01.1977,K/F,P21H95572,TC/TUR,02.11.2024,BERIYE,ERDURSUN,T.C. İÇIŞLERI BAKANLIĞI
288,32082358948,AKÇAY,SABA,21.05.1955,E/M,X04H29112,TC/TUR,06.01.2026,MÜBETCEL,TALI,T.C. İÇIŞLERI BAKANLIĞI
289,23066689276,HAYRIOĞLU,SANUR,10.06.2002,K/F,Y94N28634,TC/TUR,29.10.2021,GÜLGÜZEL,SATRETTIN,T.C. İÇIŞLERI BAKANLIĞI
290,15946095097,YILMAZ,AÇILAY,16.12.2005,K/F,M24X30124,TC/TUR,10.08.2024,ARIPINAR,EYYÜP,T.C. İÇIŞLERI BAKANLIĞI
291,12115589476,SEZGIN,ESKINALP,03.11.1926,E/M,B74H73812,TC/TUR,14.10.2022,NAZ,EMRULLAH,T.C. İÇIŞLERI BAKANLIĞI
292,33723813223,SEZER,ACAR,01.01.1973,E/M,O07Y83391,TC/TUR,24.07.2029,ÇOLPAN,LUTFI,T.C. İÇIŞLERI BAKANLIĞI
293,51549091302,AKDENIZ,FERZI,27.05.1977,E/M,Y96P43872,TC/TUR,20.09.2029,BALLI,BAŞHAN,T.C. İÇIŞLERI BAKANLIĞI
294,60681468358,HAYRIOĞLU,BENOL,16.08.1921,E/M,N51N24436,TC/TUR,28.08.2025,GÜLDER,ÖĞET,T.C. İÇIŞLERI BAKANLIĞI
295,60910647942,KARADENIZ,EMIRŞAN,21.06.1918,E/M,T52M95125,TC/TUR,03.12.2030,ALIZE,MESTUR,T.C. İÇIŞLERI BAKANLIĞI
296,91182777238,SEZER,SIMTEN,14.08.1916,K/F,H42B38249,TC/TUR,18.10.2028,DÖNER,EVRIMER,T.C. İÇIŞLERI BAKANLIĞI
297,41278299863,GÜL,ENES,11.08.1983,E/M,K29A19858,TC/TUR,04.10.2022,LEYLI,OZANSÜ,T.C. İÇIŞLERI BAKANLIĞI
298,53888744530,MANÇO,SARYA,28.04.1965,K/F,M97K76762,TC/TUR,08.07.2028,AYTEN,NAS,T.C. İÇIŞLERI BAKANLIĞI
299,83561106757,ALEMDAR,GÜNERI,18.08.2011,E/M,Z85X99579,TC/TUR,18.04.2027,AYŞEANA,ÖRYÜREK,T.C. İÇIŞLERI BAKANLIĞI
300,98227628584,AKAR,GÜVERÇIN,31.05.1917,K/F,E20H61700,NLD,15.08.2028,FERAYE,YAŞATTIN,T.C. İÇIŞLERI BAKANLIĞI
301,18510552854,ŞENSOY,BENEK,22.10.1920,K/F,B50B21516,TC/TUR,23.09.2025,ZERIDE,İLGI,T.C. İÇIŞLERI BAKANLIĞI
302,35014443027,ÇAMURCUOĞLU,EFIL,28.04.1964,K/F,A36I94405,TC/TUR,11.09.2029,HAZINE,BENOL,T.C. İÇIŞLERI BAKANLIĞI
303,12067201486,ŞAMA,ŞÜKÜFE,26.09.1935,K/F,A84I57830,TC/TUR,20.08.2027,SARYA,TUNAHAN,T.C. İÇIŞLERI BAKANLIĞI
304,48728784675,ŞENSOY,ÖZALPSAN,30.09.2003,E/M,X22N56135,BRN,19.03.2028,HEVA,GÜÇYETER,T.C. İÇIŞLERI BAKANLIĞI
305,40266397693,SEZER,CEMALETTIN,09.04.1930,E/M,Y12K45660,TC/TUR,12.05.2028,SERMA,GÜNDEN,T.C. İÇIŞLERI BAKANLIĞI
306,8609117942,BILIR,SEJDA,11.10.1994,K/F,A60Z89933,TC/TUR,22.04.2029,MUHIYE,TOKÖZ,T.C. İÇIŞLERI BAKANLIĞI
307,80304419959,ÜLKER,NAIDE,16.05.1916,K/F,I00A92310,TC/TUR,02.03.2029,ELIFNUR,ALKOR,T.C. İÇIŞLERI BAKANLIĞI
308,21157683753,ALEMDAR,GÜCAL,03.06.1925,E/M,E71T73412,AUT,31.07.2024,LÂLE,İVECEN,T.C. İÇIŞLERI BAKANLIĞI
309,48626747538,DURAN,SÜCAETTIN,28.04.1948,E/M,Y23A99510,TC/TUR,17.01.2031,YAŞAR,KORUGAN,T.C. İÇIŞLERI BAKANLIĞI
310,93198960752,ŞENSOY,ERMUTLU,26.06.1976,E/M,T90O43909,TC/TUR,20.07.2027,ÖZGÜN,NAKIP,T.C. İÇIŞLERI BAKANLIĞI
311,43787813219,YILDIRIM,GÜNVER,22.10.1923,E/M,P25N17399,TC/TUR,12.08.2024,SUNAY,DOĞUHAN,T.C. İÇIŞLERI BAKANLIĞI
312,90345965729,ERASLAN,ERIŞ,10.06.2004,K/F,K13I26391,TC/TUR,11.10.2028,GÜLDAM,NEHIP,T.C. İÇIŞLERI BAKANLIĞI
313,80276172811,AKDENIZ,LAZE,01.10.1941,K/F,O43K73789,TC/TUR,04.10.2030,BERAY,AKINAL,T.C. İÇIŞLERI BAKANLIĞI
314,67833291355,DURAN,YEPELEK,29.06.1961,K/F,O75P35161,TC/TUR,17.05.2029,GÜLHISAR,YILMAZ,T.C. İÇIŞLERI BAKANLIĞI
315,14674298817,DUMANLI,MELIHCAN,03.09.1972,E/M,H10Y64722,GMB,26.10.2022,ERBAY,GÖZEL,T.C. İÇIŞLERI BAKANLIĞI
316,25686799935,ŞAFAK,KOÇKAN,05.01.1948,E/M,X45E02604,THA,06.10.2028,NÜRICE,HARIZ,T.C. İÇIŞLERI BAKANLIĞI
317,22179813675,DURMUŞ,ŞIRIVAN,18.01.1983,K/F,X40T20675,TC/TUR,01.05.2029,ASLIYE,AKAR,T.C. İÇIŞLERI BAKANLIĞI
318,69986512466,BILGIN,REBIHAT,09.08.1925,K/F,Y45A48083,TC/TUR,31.07.2030,MÜŞÜRE,ÖNSAL,T.C. İÇIŞLERI BAKANLIĞI
319,48533786188,ZENGIN,YEKBUN,01.10.1987,K/F,A06K31404,TC/TUR,15.10.2023,AĞBEGIM,ÇAPKAN,T.C. İÇIŞLERI BAKANLIĞI
320,73146224345,ÇETIN,ÖZDIL,01.08.1991,E/M,P45P96443,TC/TUR,07.12.2027,MEVEDDET,HAZRAT,T.C. İÇIŞLERI BAKANLIĞI
321,7132107385,SOYLU,LÜFEN,09.09.1937,K/F,P00M72682,TC/TUR,12.03.2029,HANBIKEN,DENIZALP,T.C. İÇIŞLERI BAKANLIĞI
322,95149485141,YILDIRIM,İMREN,25.06.1927,E/M,M01T18095,TC/TUR,09.10.2021,NECILAL,KAHIR,T.C. İÇIŞLERI BAKANLIĞI
323,12019913971,BILGE,GÜÇLÜER,23.02.1971,E/M,X57N83079,TC/TUR,06.05.2023,KITAN,ÖVER,T.C. İÇIŞLERI BAKANLIĞI
324,52735812646,ZORLU,CANAN,21.11.2010,K/F,N64E70537,TC/TUR,05.09.2028,OGUŞ,DAYAR,T.C. İÇIŞLERI BAKANLIĞI
325,16037014391,TÜRK,RABIH,12.05.1988,E/M,E30E65043,SWZ,30.10.2028,ŞAHIGÜL,TURGUT,T.C. İÇIŞLERI BAKANLIĞI
326,42358211148,DURDU,TEYBET,06.03.1934,K/F,B32Z80707,TC/TUR,08.10.2028,ORÇIN,KADER,T.C. İÇIŞLERI BAKANLIĞI
327,19438734213,ÇORLU,SEVLA,24.12.1932,K/F,A53P97143,TC/TUR,12.02.2022,ATIYYE,İNANÇLI,T.C. İÇIŞLERI BAKANLIĞI
328,18633474444,SAKARYA,ŞAHINDER,14.02.1957,K/F,Z34M22595,TC/TUR,29.01.2029,FERMUTA,NEBIH,T.C. İÇIŞLERI BAKANLIĞI
329,87571479707,DURAN,TEKINER,22.07.2008,E/M,N18I92742,TC/TUR,19.04.2028,TUTKUCAN,YÜMUN,T.C. İÇIŞLERI BAKANLIĞI
330,62664184315,KISAKÜREK,KASIM,14.06.1965,E/M,Y34T06108,TC/TUR,04.11.2023,NEJDET,ŞUAYP,T.C. İÇIŞLERI BAKANLIĞI
331,3426643922,DURMUŞ,ZEYNO,14.06.1952,K/F,E87I74264,TC/TUR,06.08.2031,ŞÜKÜFE,KAHIR,T.C. İÇIŞLERI BAKANLIĞI
332,55324110807,AKAR,SELMIN,28.10.1997,K/F,B29Y71852,TC/TUR,12.05.2023,REZIN,SELAHEDDIN,T.C. İÇIŞLERI BAKANLIĞI
333,13234443971,YILMAZ,MEMILI,13.10.1913,E/M,N70H02989,TC/TUR,03.07.2029,TAYYIBE,TAYYIP,T.C. İÇIŞLERI BAKANLIĞI
334,4166015004,GÜÇLÜ,GÖKÇE,22.07.1983,K/F,B49T32007,TC/TUR,15.02.2028,MIRAY,NURAL,T.C. İÇIŞLERI BAKANLIĞI
335,69595088286,ASLAN,HÜSMEN,25.03.2010,E/M,O72N71923,TC/TUR,20.07.2030,SABIR,DALKILIÇ,T.C. İÇIŞLERI BAKANLIĞI
336,4807603030,ŞENER,ŞAHMETTIN,09.04.1989,E/M,N51N00735,TC/TUR,29.06.2031,SITI,PEHLIL,T.C. İÇIŞLERI BAKANLIĞI
337,87681716864,ŞENSOY,KEZBAN,13.03.1988,K/F,N20K67200,TC/TUR,31.05.2026,HAVALI,ÖVER,T.C. İÇIŞLERI BAKANLIĞI
338,35660282606,AKÇA,AKGÜNEŞ,12.04.2008,K/F,H77O59103,TC/TUR,19.07.2024,FERAYE,AKATAY,T.C. İÇIŞLERI BAKANLIĞI
339,24003042581,İNÖNÜ,MUFIDE,21.04.1927,K/F,N12M65222,PLW,17.08.2027,SEVDINAR,ERINÇER,T.C. İÇIŞLERI BAKANLIĞI
340,39179294340,SEZER,TUTKUCAN,15.02.1942,K/F,H58M88756,TC/TUR,17.01.2024,LERZE,İNANÇLI,T.C. İÇIŞLERI BAKANLIĞI
341,19954091899,YILDIRIM,DILDER,06.01.1911,E/M,Y52B92464,TC/TUR,06.10.2027,ZUBEYDE,ÖKTÜRK,T.C. İÇIŞLERI BAKANLIĞI
342,69222843150,SAKARYA,FEYHA,14.01.1916,K/F,N25A59553,BLZ,19.04.2026,TANSES,NAZLIM,T.C. İÇIŞLERI BAKANLIĞI
343,62481518283,TÜRK,GÜLDÜNYA,02.08.1937,K/F,A60K46372,TC/TUR,19.12.2021,NIHAN,AĞMUR,T.C. İÇIŞLERI BAKANLIĞI
344,20102156552,İHSANOĞLU,İMRIHAN,19.03.1954,K/F,A07I92426,TC/TUR,20.09.2026,SEVGINUR,TURABI,T.C. İÇIŞLERI BAKANLIĞI
345,4887465417,DURMUŞ,KANPULAT,18.10.1987,E/M,P21X56212,TC/TUR,17.03.2027,ENFES,BARAK,T.C. İÇIŞLERI BAKANLIĞI
346,46069308724,KARADENIZ,UMUŞAN,15.08.1978,K/F,H59M89336,TC/TUR,29.12.2029,SEYYIDE,ZIHNI,T.C. İÇIŞLERI BAKANLIĞI
347,31339577586,ERTAŞ,BABA,24.09.1925,E/M,H13K35512,TC/TUR,28.05.2029,ÜMMÜHAN,EFLÂTUN,T.C. İÇIŞLERI BAKANLIĞI
348,38796076750,ÇETIN,TEVS,12.11.1988,E/M,I97N97409,TC/TUR,26.06.2026,HÜSNÜHÂL,ÜRFETTIN,T.C. İÇIŞLERI BAKANLIĞI
349,2760186481,ÇETIN,ÖZPINAR,15.04.2011,E/M,B09Z15372,TC/TUR,30.08.2024,ARZIYE,ERSEÇ,T.C. İÇIŞLERI BAKANLIĞI
350,94448822601,DURMUŞ,IDIK,28.09.1979,E/M,Z70B88100,TC/TUR,15.05.2022,TANSES,SEMENDER,T.C. İÇIŞLERI BAKANLIĞI
351,10092751209,ŞAFAK,SEBIGÜL,20.10.1988,K/F,O64Z28639,TC/TUR,22.04.2027,MINIBE,ALKOR,T.C. İÇIŞLERI BAKANLIĞI
352,57451129156,İNÖNÜ,TAÇNUR,07.04.1984,K/F,H22O62520,TC/TUR,01.05.2028,KANDEF,MILAY,T.C. İÇIŞLERI BAKANLIĞI
353,76382529652,YAMAN,ÖZTEK,06.02.1980,E/M,B89X10013,TC/TUR,23.06.2030,SÜZER,KOTUZ,T.C. İÇIŞLERI BAKANLIĞI
354,36010675000,GÜL,OYMAK,21.09.1929,E/M,O16N80482,TC/TUR,31.08.2025,NEPTÜN,AKMANER,T.C. İÇIŞLERI BAKANLIĞI
355,6982367565,KORUTÜRK,NURA,18.09.1941,K/F,E61N17650,VCT,14.06.2024,RUHIDE,SADITTIN,T.C. İÇIŞLERI BAKANLIĞI
356,72393621105,ÜLKER,YOSMA,14.11.1968,K/F,Z19I27081,TC/TUR,04.01.2029,YURDASER,ZEYNELABIDIN,T.C. İÇIŞLERI BAKANLIĞI
357,90112527223,ZORLU,SERDA,03.10.1912,E/M,X48N15847,TC/TUR,16.12.2028,SIRRIYE,AKINAL,T.C. İÇIŞLERI BAKANLIĞI
358,13238861141,DURDU,SEVICAN,13.04.1918,K/F,T11E40723,ETH,21.12.2021,MAŞIDE,ANDIÇ,T.C. İÇIŞLERI BAKANLIĞI
359,59402432803,DEMIR,ATIYYE,12.06.1957,K/F,A66K51404,TC/TUR,15.12.2029,SABIR,ALAADDIN,T.C. İÇIŞLERI BAKANLIĞI
360,78537447903,BILIR,DILARA,09.05.2010,K/F,Y96P07534,TC/TUR,11.05.2030,RUHUGÜL,REMAZAN,T.C. İÇIŞLERI BAKANLIĞI
361,94667786002,DURAN,MAHSUN,08.11.1961,E/M,E09I91561,TC/TUR,20.12.2027,NURŞAN,AZETTIN,T.C. İÇIŞLERI BAKANLIĞI
362,89333699314,AKDENIZ,BURAKHAN,19.09.1948,E/M,P39B83816,TC/TUR,13.07.2023,MAHTER,MELIHCAN,T.C. İÇIŞLERI BAKANLIĞI
363,97994194279,YILDIRIM,SÖKMEN,08.07.1946,E/M,I31I75740,TC/TUR,27.01.2031,DOĞANNUR,ÜZER,T.C. İÇIŞLERI BAKANLIĞI
364,66147076756,ARSLAN,GÜNVER,10.03.1931,K/F,N43X30586,TC/TUR,05.09.2030,ÖZGÜN,SEYITHAN,T.C. İÇIŞLERI BAKANLIĞI
365,47141615934,MANSIZ,NIYAZI,21.05.1912,E/M,N74B48900,TC/TUR,03.04.2028,AHTER,KIRAT,T.C. İÇIŞLERI BAKANLIĞI
366,12407843736,ERDOĞAN,İÇIMBIKE,07.06.2010,K/F,N31B14315,TC/TUR,29.06.2026,BELGIZAR,ULUĞBEY,T.C. İÇIŞLERI BAKANLIĞI
367,37813540318,GÜLEN,BERKSAY,12.05.1992,E/M,A39I51382,TC/TUR,29.03.2031,NURSIM,HIÇSÖNMEZ,T.C. İÇIŞLERI BAKANLIĞI
368,47596674509,TÜRK,YENERAL,26.05.1988,E/M,Z78H01282,TC/TUR,12.07.2023,ÖVÜN,GÜNDEN,T.C. İÇIŞLERI BAKANLIĞI
369,34529481128,ERASLAN,FERMUTA,06.01.1985,K/F,K28B22706,TC/TUR,01.02.2031,BEGIM,ACAR,T.C. İÇIŞLERI BAKANLIĞI
370,52211099783,SEZER,BAHTINUR,21.08.1996,K/F,M83A14428,TC/TUR,18.10.2025,GÜL,MEHMED,T.C. İÇIŞLERI BAKANLIĞI
371,7134678888,ÖCALAN,NURDENIZ,28.01.1978,K/F,Y05N65396,TC/TUR,28.03.2030,SULTANE,ODKANLI,T.C. İÇIŞLERI BAKANLIĞI
372,33043407434,BILGIN,YASAN,30.12.1971,E/M,Z79X41609,TC/TUR,17.12.2029,FADILE,EKMEL,T.C. İÇIŞLERI BAKANLIĞI
373,60092213693,MANÇO,SONAD,01.05.2008,E/M,Z62X06297,TC/TUR,25.09.2029,AKAY,UTKUCAN,T.C. İÇIŞLERI BAKANLIĞI
374,63331531768,ARSLAN,YILDIZ,14.08.1991,K/F,E21I24520,TC/TUR,05.08.2028,İLKLIMA,TUNGUÇ,T.C. İÇIŞLERI BAKANLIĞI
375,1961011743,ÖCALAN,TOPUZ,30.06.1938,E/M,Z91X54809,TC/TUR,21.05.2031,FEDEN,TINAL,T.C. İÇIŞLERI BAKANLIĞI
376,63338775960,ÖCALAN,ATASAGUN,18.07.1933,E/M,T39T33346,TC/TUR,07.01.2028,ERGÜL,GÜRSAL,T.C. İÇIŞLERI BAKANLIĞI
377,255002325,YILMAZ,AZADE,19.07.1994,K/F,E80I84491,TC/TUR,07.11.2021,TALIBE,AKDORA,T.C. İÇIŞLERI BAKANLIĞI
378,78712210276,DURAN,İDE,30.09.1939,K/F,K18B54885,TC/TUR,19.01.2023,TÜRCAN,GÜÇLÜER,T.C. İÇIŞLERI BAKANLIĞI
379,15555787605,ÇORLU,ŞÜKRI,09.09.1927,E/M,O23O80169,TC/TUR,28.09.2026,YÜCEL,FAMI,T.C. İÇIŞLERI BAKANLIĞI
380,25481351512,ŞAFAK,REZZAK,28.01.1956,E/M,N32E85597,TC/TUR,28.03.2024,CUHEYNA,BOĞATIMUR,T.C. İÇIŞLERI BAKANLIĞI
381,8076066590,ERDOĞAN,FIRDEVIS,01.03.2009,K/F,H69B92704,TC/TUR,06.07.2025,HALENUR,BAYZETTIN,T.C. İÇIŞLERI BAKANLIĞI
382,76697714986,TÜRK,YALIN,19.10.2005,E/M,M73A07427,TC/TUR,26.06.2023,SONNUR,GÜNVER,T.C. İÇIŞLERI BAKANLIĞI
383,66499582815,ŞENSOY,SIRRIYE,08.08.1939,K/F,I36K10325,TC/TUR,02.11.2030,MENFEAT,OĞURATA,T.C. İÇIŞLERI BAKANLIĞI
384,99445901899,KORUTÜRK,ŞAHIGÜL,27.08.1971,K/F,K18O10527,TC/TUR,09.01.2028,KUTGÜN,PIRAHMET,T.C. İÇIŞLERI BAKANLIĞI
385,24093701938,SEVEN,MELAHA,31.10.1957,K/F,B09T68847,TC/TUR,01.04.2022,NARHANIM,MÜCELLIB,T.C. İÇIŞLERI BAKANLIĞI
386,38663311587,BILIR,ÖZKUTLU,14.08.2006,E/M,I78X94325,SWE,18.12.2022,VECIDE,BAĞDAŞ,T.C. İÇIŞLERI BAKANLIĞI
387,29140024643,ERTAŞ,ZINNURE,09.10.1943,K/F,T82B75813,TC/TUR,25.11.2022,CEDIDE,MÜZEKKER,T.C. İÇIŞLERI BAKANLIĞI
388,81994591509,ÇETIN,ECEGÜL,03.03.1934,K/F,T32B43289,TC/TUR,09.01.2030,VARLIK,ÇETINSU,T.C. İÇIŞLERI BAKANLIĞI
389,57101734010,AKAR,SITI,14.07.2001,K/F,X01Y93726,TC/TUR,20.08.2029,ŞAYAN,BAKI,T.C. İÇIŞLERI BAKANLIĞI
390,70769262729,ERTAŞ,BILGINUR,01.07.1992,K/F,X35K93573,TC/TUR,04.11.2025,ÜNSEVER,İSMET,T.C. İÇIŞLERI BAKANLIĞI
391,84654636634,ERTAŞ,SELCEN,09.02.1950,K/F,B01Z67656,TC/TUR,24.11.2029,GÜLBANI,MÜKRAMIN,T.C. İÇIŞLERI BAKANLIĞI
392,2234746787,DEMIREL,KASIM,29.08.1922,E/M,O84K87068,TC/TUR,06.04.2022,MÜJDE,SEÇME,T.C. İÇIŞLERI BAKANLIĞI
393,3640678290,ŞAMA,CABIR,18.04.1998,E/M,K08M60044,MLT,06.10.2024,İHSAN,GÖKSEV,T.C. İÇIŞLERI BAKANLIĞI
394,32265660889,DURMUŞ,ESNA,08.10.1942,K/F,T24E18803,TC/TUR,30.05.2029,AYYARUK,KÖKER,T.C. İÇIŞLERI BAKANLIĞI
395,95482003400,İNÖNÜ,SAMAHAT,04.01.1927,K/F,T04N20945,TC/TUR,02.06.2027,ZALIHA,ULUĞBEY,T.C. İÇIŞLERI BAKANLIĞI
396,73669597022,ÇAMURCUOĞLU,DALAN,22.12.1981,E/M,P30P89895,TC/TUR,03.11.2027,TEMIME,TEVS,T.C. İÇIŞLERI BAKANLIĞI
397,96873531502,GÜÇLÜ,SANUR,14.03.1988,K/F,I66E87220,BRN,20.04.2022,HANIM,SERVER,T.C. İÇIŞLERI BAKANLIĞI
398,57595993011,GÜÇLÜ,KERIME,04.06.1976,K/F,B04Y74450,TC/TUR,27.01.2028,ŞAZIME,HUZURI,T.C. İÇIŞLERI BAKANLIĞI
399,65056606468,ŞENSOY,NALÂN,15.05.1981,K/F,Z77P50803,SAU,11.06.2029,HAVALI,IŞIKAY,T.C. İÇIŞLERI BAKANLIĞI
400,59081971605,AKSU,GILMAN,08.08.1933,K/F,Z19P04007,TC/TUR,18.09.2025,ATIYYE,KAHIR,T.C. İÇIŞLERI BAKANLIĞI
401,28238176537,ERDOĞAN,BALATEKIN,04.10.1980,E/M,K41O41046,TC/TUR,31.01.2023,ZÜLFÜYE,YURTGÜVEN,T.C. İÇIŞLERI BAKANLIĞI
402,64531049011,ZENGIN,TACIDDIN,15.11.2003,E/M,Z24B62722,TC/TUR,03.02.2029,KERIME,AKCIVAN,T.C. İÇIŞLERI BAKANLIĞI
403,71336856984,ARSLAN,SEMINE,13.12.1989,K/F,Z92Y71933,TC/TUR,04.02.2025,AYASUN,ARPAĞ,T.C. İÇIŞLERI BAKANLIĞI
404,72253756472,ŞAMA,ERENALP,04.06.1912,E/M,O68Z37686,TC/TUR,07.04.2022,AYDURU,ŞENKAL,T.C. İÇIŞLERI BAKANLIĞI
405,25285276657,İNÖNÜ,ŞAHINBEY,20.08.1997,E/M,T76Y05675,TC/TUR,03.02.2030,AYTÖZ,DANIŞ,T.C. İÇIŞLERI BAKANLIĞI
406,2096866039,KARADENIZ,EŞIM,20.09.1924,K/F,P19T02456,TC/TUR,11.07.2028,İNSAF,ARTAN,T.C. İÇIŞLERI BAKANLIĞI
407,79211530045,DURDU,ÜRFETTIN,26.03.1972,E/M,E77Y27944,TC/TUR,27.05.2031,BANÜ,SOYDANER,T.C. İÇIŞLERI BAKANLIĞI
408,2648332589,DUMANLI,TURCEIN,27.06.2007,K/F,K13I12622,TC/TUR,05.06.2024,KUTUN,ŞEMSETTIN,T.C. İÇIŞLERI BAKANLIĞI
409,10619527973,DURDU,KUTGÜN,18.04.1918,K/F,O43Y33223,TC/TUR,12.02.2025,ÇAĞLAR,YERTAN,T.C. İÇIŞLERI BAKANLIĞI
410,74226485158,DEMIR,NUREY,05.02.1927,K/F,K84O68690,TC/TUR,23.03.2024,İLPER,DÜNDARALP,T.C. İÇIŞLERI BAKANLIĞI
411,71000718077,FIRAT,MEHMETZAHIR,15.01.1941,E/M,N12Y62432,TC/TUR,02.09.2026,ERBAY,VELITDIN,T.C. İÇIŞLERI BAKANLIĞI
412,93035236460,İNÖNÜ,MÜRIT,01.11.1918,E/M,O24E96637,TC/TUR,15.10.2028,PEMBESIN,MISHAT,T.C. İÇIŞLERI BAKANLIĞI
413,35829719712,ŞENER,AĞMUR,18.06.1930,E/M,M60Y93942,TC/TUR,30.12.2026,AZADE,ERTÜN,T.C. İÇIŞLERI BAKANLIĞI
414,40170727115,ERDOĞAN,PAKER,21.12.1940,E/M,O84X72540,TC/TUR,13.10.2023,HAVALI,TEKINER,T.C. İÇIŞLERI BAKANLIĞI
415,27620560295,KORUTÜRK,ARIKOL,11.08.1966,E/M,P93N73156,TC/TUR,22.11.2028,LÜFEN,ERDOGAN,T.C. İÇIŞLERI BAKANLIĞI
416,96700979184,MANSIZ,ÜSAME,24.01.1928,E/M,N03I68532,TC/TUR,29.06.2023,SEJDA,İDIRIS,T.C. İÇIŞLERI BAKANLIĞI
417,43554730497,ŞAMA,REFIK,29.04.1979,E/M,N00P03798,TC/TUR,02.08.2023,RÜMEYSA,UYGUN,T.C. İÇIŞLERI BAKANLIĞI
418,62193692151,ZENGIN,CANDENIZ,24.12.1973,E/M,P17I16915,TC/TUR,19.12.2021,MELÛL,KOTUZ,T.C. İÇIŞLERI BAKANLIĞI
419,58663077725,AKAR,ÖZGER,03.03.1963,E/M,N63A89312,TC/TUR,24.09.2026,ADILA,AKINAL,T.C. İÇIŞLERI BAKANLIĞI
420,40321773586,BILIR,ERSEÇ,29.05.1984,E/M,T53T90025,TC/TUR,01.10.2027,MUSAFFA,SARGIN,T.C. İÇIŞLERI BAKANLIĞI
421,78866658998,FIRAT,ERTEN,08.05.1926,E/M,E88X21879,TC/TUR,19.05.2022,YEPELEK,BENGIBAY,T.C. İÇIŞLERI BAKANLIĞI
422,38623062114,ZORLU,BORATAŞ,20.03.1936,E/M,T11P55372,TC/TUR,30.05.2027,DILCAN,ATATÖRE,T.C. İÇIŞLERI BAKANLIĞI
423,18088755667,KORUTÜRK,LIMON,05.03.1978,K/F,T59O03809,TC/TUR,05.05.2022,ZEMZEM,ÜMMET,T.C. İÇIŞLERI BAKANLIĞI
424,72026761949,SEZER,SEVGINUR,03.08.1979,K/F,I42E92465,TC/TUR,07.09.2030,SITI,AKCIVAN,T.C. İÇIŞLERI BAKANLIĞI
425,45115268204,SEVEN,ABDIŞ,17.04.1970,E/M,E84M11655,TC/TUR,25.09.2023,NAZ,SUDI,T.C. İÇIŞLERI BAKANLIĞI
426,18162791424,AKÇA,TEMIME,24.10.1966,K/F,M06I00182,TC/TUR,25.10.2024,NEŞRIN,SARPKIN,T.C. İÇIŞLERI BAKANLIĞI
427,93696238135,İNÖNÜ,AYŞENUR,05.08.1985,K/F,Y73I31574,TC/TUR,10.12.2028,HAVALI,DURMUŞALI,T.C. İÇIŞLERI BAKANLIĞI
428,86884187016,MANSIZ,ZÜLGARNI,18.10.1963,E/M,N38P75673,TC/TUR,19.06.2028,NEFARET,SÖKMEN,T.C. İÇIŞLERI BAKANLIĞI
429,59513301877,AKÇA,ZELHA,07.01.1970,K/F,K04X19918,TC/TUR,22.04.2029,ÇEVREGÜL,BORAHAN,T.C. İÇIŞLERI BAKANLIĞI
430,34991312976,GÜÇLÜ,ŞENNUR,28.02.1955,K/F,X75I90435,TC/TUR,29.09.2028,PERMUN,MÜNIF,T.C. İÇIŞLERI BAKANLIĞI
431,95808653349,SEVEN,KARDELEN,16.10.1965,K/F,M80O81676,TC/TUR,21.09.2026,FERINAZ,BICAN,T.C. İÇIŞLERI BAKANLIĞI
432,84861859109,ÇORLU,NEHIP,29.05.1990,E/M,T71X80493,TC/TUR,27.07.2026,ZÜMRE,ÖZDAL,T.C. İÇIŞLERI BAKANLIĞI
433,60764959740,DURAN,VEFIA,15.04.1939,K/F,I63P61799,TC/TUR,05.01.2024,SÜLEYLA,ARCAN,T.C. İÇIŞLERI BAKANLIĞI
434,22699529470,KORUTÜRK,NUYAN,11.06.1989,E/M,H50I89033,TC/TUR,05.02.2022,NEFARET,KINEL,T.C. İÇIŞLERI BAKANLIĞI
435,73073133092,YAMAN,BEKTAŞI,01.07.1988,E/M,A18Y34728,SYR,16.01.2027,SÜLEYLA,CEMALETTIN,T.C. İÇIŞLERI BAKANLIĞI
436,28088883002,ŞAMA,NAIDE,29.03.2007,K/F,X89K91476,TC/TUR,14.01.2026,HALIYE,YURTTAŞ,T.C. İÇIŞLERI BAKANLIĞI
437,48008792621,ERTAŞ,SOLMA,12.12.1928,K/F,T58X16696,TC/TUR,06.09.2027,GÜLGEN,YASAN,T.C. İÇIŞLERI BAKANLIĞI
438,40483913771,ARSLAN,YILMAZ,11.01.1950,E/M,Y70A41496,TC/TUR,16.06.2031,FERAHDIBA,DURACAN,T.C. İÇIŞLERI BAKANLIĞI
439,19484530418,ÇORLU,BORATAŞ,20.06.1968,E/M,E30O34132,TC/TUR,26.12.2025,BILGINUR,SARPKIN,T.C. İÇIŞLERI BAKANLIĞI
440,67243572020,ZORLU,PEKKAN,21.06.1922,K/F,P71K65661,TC/TUR,08.06.2030,NESLINUR,HANEDAN,T.C. İÇIŞLERI BAKANLIĞI
441,52537668210,GÜLEN,KITAN,02.10.1925,K/F,I12N77023,TC/TUR,16.02.2027,FILDAN,GÖRKLÜ,T.C. İÇIŞLERI BAKANLIĞI
442,68676326939,İHSANOĞLU,UĞUR,21.01.1938,K/F,K46O38662,BDI,27.07.2028,OGUŞ,TEKINER,T.C. İÇIŞLERI BAKANLIĞI
443,59515383380,ALEMDAR,REZZAK,23.05.1938,E/M,E74I77467,TC/TUR,25.04.2024,YALIN,SAYDAM,T.C. İÇIŞLERI BAKANLIĞI
444,69276454440,ASLAN,OGUŞ,23.09.1967,K/F,T86N31809,TC/TUR,09.07.2029,NURDA,SAYIN,T.C. İÇIŞLERI BAKANLIĞI
445,7278156372,ERDOĞAN,ARKUT,20.04.1931,E/M,T03N57728,TC/TUR,16.04.2022,HAYRÜNNISA,AYKUTALP,T.C. İÇIŞLERI BAKANLIĞI
446,13481469849,ERDOĞAN,HENIFE,26.05.1970,K/F,T85A65435,TC/TUR,09.08.2030,HÜMEYRA,ERGÖNÜL,T.C. İÇIŞLERI BAKANLIĞI
447,79703806691,DURDU,BAYDU,08.02.1918,E/M,H27E66768,TC/TUR,30.11.2029,MÜRET,ŞERAFEDDIN,T.C. İÇIŞLERI BAKANLIĞI
448,87770191731,SAKARYA,GÜNDÜZALP,31.03.1968,E/M,O55K04738,TC/TUR,20.05.2029,MINIBE,SÜMEYYE,T.C. İÇIŞLERI BAKANLIĞI
449,35246041429,TARHAN,SUNAY,11.12.1954,K/F,O57B24725,TC/TUR,20.06.2028,BENICE,ÖGE,T.C. İÇIŞLERI BAKANLIĞI
450,52822813521,BILIR,ONURSU,16.05.1951,E/M,A01O13060,TC/TUR,07.10.2022,SEMAT,ADLAN,T.C. İÇIŞLERI BAKANLIĞI
451,78027655195,ERTAŞ,HÜRÜYET,21.06.1972,K/F,Y39P97316,TC/TUR,11.07.2026,AYCAGÜL,DEVINER,T.C. İÇIŞLERI BAKANLIĞI
452,31198674520,İHSANOĞLU,OLCA,23.07.1963,E/M,Z92B18469,TC/TUR,10.02.2030,ZÜLFÜYE,FENNI,T.C. İÇIŞLERI BAKANLIĞI
453,29491789770,SEZER,BERAY,27.09.1915,K/F,O74K05460,TC/TUR,24.11.2025,MÜŞÜRE,AKBOĞA,T.C. İÇIŞLERI BAKANLIĞI
454,42654399354,ŞENER,GÜLFEZA,03.05.1942,K/F,M71O12708,TC/TUR,29.08.2028,İMGE,ZÜFER,T.C. İÇIŞLERI BAKANLIĞI
455,73330163460,DURMUŞ,CANFEZA,28.08.1980,K/F,A46E87491,TC/TUR,29.08.2025,BURCUHAN,ARIFCAN,T.C. İÇIŞLERI BAKANLIĞI
456,57736553041,ERDOĞAN,ALMUS,27.04.2000,E/M,E80Y84592,LCA,04.07.2027,LÂLE,KUDDUSI,T.C. İÇIŞLERI BAKANLIĞI
457,2673768814,ALEMDAR,ASLANHAN,07.02.1928,E/M,E31I04330,TC/TUR,14.09.2029,KUTUN,MEFARETTIN,T.C. İÇIŞLERI BAKANLIĞI
458,79812594262,İHSANOĞLU,VAHITTIN,13.01.1945,E/M,H85E16488,TC/TUR,21.12.2029,ÖNCEL,YAYAK,T.C. İÇIŞLERI BAKANLIĞI
459,93032738283,HANÇER,GÜVERÇIN,15.12.1948,K/F,K22M14477,BRN,24.05.2028,TEMIME,ERENALP,T.C. İÇIŞLERI BAKANLIĞI
460,22356365007,GÜLEN,REZIN,29.03.1956,K/F,E53O86918,TC/TUR,04.02.2029,ERBAY,UZSOY,T.C. İÇIŞLERI BAKANLIĞI
461,26783383497,YÜKSEL,AYCAGÜL,08.09.1968,K/F,P68E40137,TC/TUR,30.08.2030,ÇALIM,ÖZÜDOĞRU,T.C. İÇIŞLERI BAKANLIĞI
462,2398638879,ÇORLU,ALIŞIK,31.07.1989,K/F,N87B35621,TC/TUR,12.05.2024,GÜLENAY,ZORAL,T.C. İÇIŞLERI BAKANLIĞI
463,97424142715,ŞAMA,HOŞKADEM,27.03.1963,K/F,N21Y36798,TC/TUR,12.11.2027,ÖMRIYE,ÜRFETTIN,T.C. İÇIŞLERI BAKANLIĞI
464,62275339290,ZENGIN,ZIHNI,04.04.1922,E/M,A19P97109,TC/TUR,03.04.2028,PEMBESIN,MAZLUM,T.C. İÇIŞLERI BAKANLIĞI
465,35016004515,YÜKSEL,ÜLKÜM,13.04.1963,K/F,E05M77418,TC/TUR,28.10.2025,GÜNEBAKAN,ERGÖNÜL,T.C. İÇIŞLERI BAKANLIĞI
466,42405139331,İHSANOĞLU,BEHREM,01.02.1915,E/M,O39M18898,TC/TUR,06.12.2024,KIFAYE,VARGIN,T.C. İÇIŞLERI BAKANLIĞI
467,76690923111,HANÇER,RAKIDE,27.06.1942,K/F,P21E59104,COD,14.05.2025,CEVALE,FUZULI,T.C. İÇIŞLERI BAKANLIĞI
468,32893622345,DURDU,TEMIME,30.05.1955,K/F,E90O38768,NRU,12.12.2030,GÜNVER,ÜLFET,T.C. İÇIŞLERI BAKANLIĞI
469,37028520342,AKÇAY,ERGÜN,24.07.1941,E/M,N18E27388,TC/TUR,05.11.2029,SEBIGÜL,TEMUÇIN,T.C. İÇIŞLERI BAKANLIĞI
470,48794734574,YÜKSEL,ŞEMSETTIN,01.06.1998,E/M,X47O51353,TC/TUR,05.02.2027,MEFHARET,UÇAN,T.C. İÇIŞLERI BAKANLIĞI
471,63262535432,HAYRIOĞLU,KOÇKAN,08.03.1931,E/M,A70M96907,IRL,28.07.2022,TULE,OKTÜREMIŞ,T.C. İÇIŞLERI BAKANLIĞI
472,95380398075,DEMIR,SERDA,09.12.1951,K/F,I56B22059,TC/TUR,25.08.2029,KARDELEN,ÖZAKAN,T.C. İÇIŞLERI BAKANLIĞI
473,11177171628,SEZGIN,BILGÜTAY,05.01.1972,E/M,X90K64334,TC/TUR,20.02.2025,PEMBESIN,ATILGAN,T.C. İÇIŞLERI BAKANLIĞI
474,81504161241,SEZGIN,SÜMEYYE,14.07.1912,E/M,P19M95579,TC/TUR,29.07.2026,NECILAL,TANPINAR,T.C. İÇIŞLERI BAKANLIĞI
475,49172347338,HAYRIOĞLU,ALPCAN,02.04.1925,E/M,Y84T22963,TC/TUR,22.08.2026,TAN,SAFET,T.C. İÇIŞLERI BAKANLIĞI
476,42002944652,ASLAN,AYDURU,21.04.1911,K/F,M14K74456,TC/TUR,02.05.2022,İMRIHAN,MÜRIT,T.C. İÇIŞLERI BAKANLIĞI
477,55017598318,SAKARYA,DIVAN,16.03.1916,K/F,K85Y53351,TC/TUR,06.03.2023,SAIRE,SERDA,T.C. İÇIŞLERI BAKANLIĞI
478,12451731630,AKSU,MIHIN,12.07.1950,E/M,E70H32089,TC/TUR,14.11.2030,GÜLZADIYE,ARISOY,T.C. İÇIŞLERI BAKANLIĞI
479,25547424365,ŞAFAK,ALSOY,17.05.1952,K/F,Z83N86510,TC/TUR,26.04.2028,NEVSALE,VARGIN,T.C. İÇIŞLERI BAKANLIĞI
480,9379140002,AKDENIZ,ZERIDE,13.06.1947,K/F,O22A96918,TC/TUR,07.10.2024,SEVGEN,ABDURRAHMAN,T.C. İÇIŞLERI BAKANLIĞI
481,46490279593,DEMIR,ŞELÂLE,07.02.1999,K/F,H47E02564,TC/TUR,27.03.2028,GÜLDAM,MAHSUN,T.C. İÇIŞLERI BAKANLIĞI
482,19260282381,ŞAMA,BIRSEN,19.12.2006,E/M,T12T24151,JPN,02.10.2029,GÜNVER,CANDENIZ,T.C. İÇIŞLERI BAKANLIĞI
483,92187669095,ŞENER,ŞELÂLE,10.04.1963,K/F,B50Z99209,TC/TUR,07.07.2027,ÇILGA,ECEMIŞ,T.C. İÇIŞLERI BAKANLIĞI
484,53955248400,ARSLAN,KAŞIF,04.08.1974,E/M,I57N04419,TC/TUR,17.02.2023,İKLIM,ZIYAETTIN,T.C. İÇIŞLERI BAKANLIĞI
485,94812873989,YILDIRIM,HUZURI,26.10.1997,E/M,X98X68725,TC/TUR,02.12.2026,CEDIDE,SAYDAM,T.C. İÇIŞLERI BAKANLIĞI
486,91156321010,AKÇAY,RIFKIYE,17.08.1958,K/F,T77A60515,TC/TUR,10.11.2025,HASRET,İMAM,T.C. İÇIŞLERI BAKANLIĞI
487,43839969316,GÜLEN,GÖKPERI,12.06.1985,K/F,Y14X11176,TC/TUR,06.12.2022,FERHAN,GÖRKLÜ,T.C. İÇIŞLERI BAKANLIĞI
488,91018442032,KISAKÜREK,TEMIRHAN,12.05.1960,E/M,I62I59744,TC/TUR,31.12.2021,SIDAR,SAYDAM,T.C. İÇIŞLERI BAKANLIĞI
489,32748847581,ERDOĞAN,ZEBIRCE,22.08.1936,K/F,O04O32130,IRQ,15.10.2029,HAFIZA,ACAR,T.C. İÇIŞLERI BAKANLIĞI
490,52092483371,SEVEN,GÜNŞEN,30.06.1929,E/M,X89Y91517,TC/TUR,07.08.2027,HÜSNÜHÂL,SALKIN,T.C. İÇIŞLERI BAKANLIĞI
491,9288154661,ZENGIN,GÜLNAZIYE,03.02.1963,K/F,K93B56876,TC/TUR,23.10.2023,NURIYET,CEMALETTIN,T.C. İÇIŞLERI BAKANLIĞI
492,44347706313,AKÇA,NIYAZI,19.09.1913,E/M,Z54N97613,TC/TUR,31.05.2023,FEHMIYE,DEMIRIZ,T.C. İÇIŞLERI BAKANLIĞI
493,86204682552,GÜÇLÜ,AZIZE,17.02.1948,K/F,E48H60533,TC/TUR,08.05.2029,HABIBE,HATEM,T.C. İÇIŞLERI BAKANLIĞI
494,14496874757,SEZER,HINDAL,30.03.1926,E/M,Y61I28469,TC/TUR,09.03.2030,GÜNEBAKAN,YENERAL,T.C. İÇIŞLERI BAKANLIĞI
495,27167714458,ERTAŞ,GÜLEV,30.01.1990,K/F,M81T07296,TC/TUR,21.02.2030,ARIPINAR,BAYMAN,T.C. İÇIŞLERI BAKANLIĞI
496,9868138679,TEVETOĞLU,İMGE,07.05.2002,K/F,E93I50469,HRV,30.09.2025,MIYESSER,CÜNEYIT,T.C. İÇIŞLERI BAKANLIĞI
497,34908138803,İHSANOĞLU,BAŞAY,24.09.1922,E/M,Y93M44565,TC/TUR,25.04.2029,BIRGÜL,GENÇAY,T.C. İÇIŞLERI BAKANLIĞI
498,44563985261,SOYLU,ŞIDE,04.01.2009,E/M,T81B27016,TC/TUR,05.12.2025,CEDIDE,TOĞAN,T.C. İÇIŞLERI BAKANLIĞI
499,34637210836,ÜLKER,AVUNÇ,23.04.1959,K/F,P38P40560,TC/TUR,07.04.2029,FEHMIYE,ÖNCEL,T.C. İÇIŞLERI BAKANLIĞI
500,13060659377,DURDU,AĞMUR,13.04.1969,E/M,Y28N56123,TC/TUR,24.12.2025,KÜBRAN,SERDA,T.C. İÇIŞLERI BAKANLIĞI
501,16462599361,SAKARYA,ŞAHIGÜL,31.07.2003,K/F,O84T30120,TC/TUR,26.09.2029,PERINUR,EMIN,T.C. İÇIŞLERI BAKANLIĞI
502,85302721106,AKGÜNDÜZ,KILIÇBAY,21.03.1944,E/M,O57B42762,TC/TUR,06.03.2029,ÜÇGÜL,CEVHERI,T.C. İÇIŞLERI BAKANLIĞI
503,24190662832,YILMAZ,AHTER,06.07.1978,K/F,M27N81296,TC/TUR,20.06.2024,GÜLSEVIL,TEVS,T.C. İÇIŞLERI BAKANLIĞI
504,92370108176,YÜKSEL,GÜLBIYE,07.06.2001,K/F,X98M84991,TC/TUR,18.08.2023,HAYRÜNNISA,TULUN,T.C. İÇIŞLERI BAKANLIĞI
505,60721250028,SOYLU,ABDULKADIR,03.07.2004,E/M,H98M92336,TC/TUR,17.03.2029,GÜNGÖREN,KALGAY,T.C. İÇIŞLERI BAKANLIĞI
506,19844170500,ZORLU,DORUKHAN,02.11.1983,E/M,Z48Y82469,TC/TUR,20.07.2025,HAZINE,ARGU,T.C. İÇIŞLERI BAKANLIĞI
507,51306680150,SEZGIN,LÜTFI,30.11.1967,E/M,B87K23774,TC/TUR,26.07.2031,SEFER,BARIŞCAN,T.C. İÇIŞLERI BAKANLIĞI
508,54780617742,YÜKSEL,AYGÖNENÇ,15.11.2008,K/F,X80E16501,BHR,10.05.2027,BENICE,YARGI,T.C. İÇIŞLERI BAKANLIĞI
509,64907035154,SEVEN,MEHMETZAHIR,28.09.2009,E/M,I07K99857,TC/TUR,10.03.2027,SEÇGÜL,BASIM,T.C. İÇIŞLERI BAKANLIĞI
510,84775726173,ÇAMURCUOĞLU,NEVSALE,11.08.1941,K/F,X88X58963,TC/TUR,01.07.2029,YILDIZ,MILAY,T.C. İÇIŞLERI BAKANLIĞI
511,61811968938,GÜÇLÜ,AYDURU,18.08.1988,K/F,M03P07595,TC/TUR,08.09.2022,AYLIL,ÖZEL,T.C. İÇIŞLERI BAKANLIĞI
512,21249269023,İHSANOĞLU,URHAN,05.04.1993,E/M,X98M08294,TC/TUR,12.05.2028,MAHNAZ,YASAN,T.C. İÇIŞLERI BAKANLIĞI
513,50054599584,ARSOY,SIDKI,07.03.1914,E/M,N04T02686,TC/TUR,16.04.2029,TAN,YANKI,T.C. İÇIŞLERI BAKANLIĞI
514,28530859486,DURMUŞ,BAYDU,04.02.1947,E/M,Y30E29096,TC/TUR,16.05.2024,KIFAYE,MÜRIT,T.C. İÇIŞLERI BAKANLIĞI
515,3763722879,ERGÜL,İKIZ,20.10.1974,E/M,P85I90057,TC/TUR,16.05.2030,ZEBIRCE,ASIM,T.C. İÇIŞLERI BAKANLIĞI
516,92003260860,YILDIRIM,DURUÖZ,01.12.1957,E/M,B42B48543,TC/TUR,05.09.2023,EMAL,ERGENER,T.C. İÇIŞLERI BAKANLIĞI
517,16533925881,İHSANOĞLU,ÖZBILGE,25.11.1971,K/F,Z68K92405,TC/TUR,07.06.2027,GABEL,OMACA,T.C. İÇIŞLERI BAKANLIĞI
518,14391602281,ÇETIN,HANBIKEN,19.10.1918,K/F,B60N78458,TC/TUR,30.12.2023,PERMUN,HAYALI,T.C. İÇIŞLERI BAKANLIĞI
519,72052450571,AKÇA,MÜJDE,21.12.2003,K/F,M35N29815,TC/TUR,10.09.2022,AKGÜNEŞ,FILIT,T.C. İÇIŞLERI BAKANLIĞI
520,40607457331,HAYRIOĞLU,GÜLDAM,19.07.1919,K/F,P86Z48161,TC/TUR,20.02.2025,MECIDE,ÖZERTEM,T.C. İÇIŞLERI BAKANLIĞI
521,11513240688,KORUTÜRK,NEVSALE,03.05.1992,K/F,I71B01568,TC/TUR,07.05.2030,İHSAN,EVCIMEN,T.C. İÇIŞLERI BAKANLIĞI
522,748755569,GÜL,SABIHE,22.11.2007,K/F,P04M55454,TC/TUR,25.11.2025,GÜLŞEREF,KADER,T.C. İÇIŞLERI BAKANLIĞI
523,49366798777,KISAKÜREK,PEREN,29.01.1979,K/F,P95M47244,TC/TUR,24.08.2024,YEKBUN,AKDURMUŞ,T.C. İÇIŞLERI BAKANLIĞI
524,38299107840,ERGÜL,KOÇKAN,11.11.2006,E/M,M16M05137,TC/TUR,22.05.2028,RAYLA,ŞEFI,T.C. İÇIŞLERI BAKANLIĞI
525,29479912578,ŞENSOY,BATIRHAN,30.10.1954,E/M,H60X94300,TC/TUR,03.11.2028,KERIME,TAYAYDIN,T.C. İÇIŞLERI BAKANLIĞI
526,80813413793,AKDENIZ,KOCABAŞ,04.11.2010,E/M,P49X20179,TC/TUR,30.11.2026,HEKIME,BORAHAN,T.C. İÇIŞLERI BAKANLIĞI
527,13003798783,ZORLU,TOMURCUK,17.03.2004,K/F,K50A20288,TC/TUR,13.06.2026,ŞAHINDER,FAZUL,T.C. İÇIŞLERI BAKANLIĞI
528,49404164395,AKÇA,MENIŞAN,05.05.1952,K/F,K13H39641,TC/TUR,27.02.2022,RAKIDE,RECEPALI,T.C. İÇIŞLERI BAKANLIĞI
529,84898031910,ARSOY,ÖZYURT,28.12.1985,K/F,X67Y04408,TC/TUR,09.06.2030,GANIYE,DINÇKOL,T.C. İÇIŞLERI BAKANLIĞI
530,27807963561,SOYLU,UYGUN,04.04.1991,E/M,Y10T69621,TC/TUR,03.03.2022,GÜLZADIYE,KALGAY,T.C. İÇIŞLERI BAKANLIĞI
531,28538772935,ŞAFAK,KASIM,25.03.1922,E/M,Z45N61635,TC/TUR,10.01.2022,SÜLEYLA,URALTAY,T.C. İÇIŞLERI BAKANLIĞI
532,39963019133,ERTAŞ,YÜMUN,06.03.1977,E/M,A71Z06368,TC/TUR,28.02.2031,SAIRE,TAYYIP,T.C. İÇIŞLERI BAKANLIĞI
533,63626461703,AKAR,HEZNIYE,18.07.1964,K/F,H27T51179,TC/TUR,02.03.2026,HASRET,ALCAN,T.C. İÇIŞLERI BAKANLIĞI
534,85640984863,YILDIRIM,KOPAN,25.08.2001,E/M,H67H40009,TC/TUR,07.01.2027,AMRE,CANGÜR,T.C. İÇIŞLERI BAKANLIĞI
535,98656065705,BILGIN,SERMA,02.03.1936,K/F,A89E99481,TC/TUR,16.02.2028,BEHIZA,FAZUL,T.C. İÇIŞLERI BAKANLIĞI
536,33517277111,ARSOY,BUHARI,18.01.1989,E/M,Z55A11357,ESP,10.03.2025,SATIA,İNTIHAP,T.C. İÇIŞLERI BAKANLIĞI
537,29808492277,DEMIREL,YAYAK,03.03.1975,E/M,M18M29364,NZL,17.04.2025,GÜLŞA,BOZERK,T.C. İÇIŞLERI BAKANLIĞI
538,17536747406,ÇETIN,LÜTFI,20.03.1922,E/M,E68P59633,TC/TUR,08.10.2024,SEZEN,RISALET,T.C. İÇIŞLERI BAKANLIĞI
539,10551340321,SEZER,ÖZÇAM,24.10.2007,E/M,E51P96385,TC/TUR,17.03.2024,AKYILDIZ,SAMI,T.C. İÇIŞLERI BAKANLIĞI
540,44217551196,TÜRK,BICAN,09.07.1996,E/M,N41I48101,TC/TUR,24.04.2030,DILCAN,KÖSEMEN,T.C. İÇIŞLERI BAKANLIĞI
541,95141521324,AKAR,CUMAN,02.07.1982,E/M,Y43N25131,TC/TUR,21.11.2021,ŞEVKETFEZA,TINAL,T.C. İÇIŞLERI BAKANLIĞI
542,66554254700,DURMUŞ,ÖZLEM,19.02.1961,K/F,H94E66088,TC/TUR,12.08.2028,NURŞAN,YAHŞIKAN,T.C. İÇIŞLERI BAKANLIĞI
543,90437621687,ALEMDAR,ASALET,09.05.1922,E/M,P38Z92898,TC/TUR,22.08.2026,BEHIZA,TUNÇKILIÇ,T.C. İÇIŞLERI BAKANLIĞI
544,92099005957,MANÇO,BALCA,19.01.1984,K/F,H19N38398,TC/TUR,01.02.2022,MÜMTAZE,GÜNDÜZALP,T.C. İÇIŞLERI BAKANLIĞI
545,23622023336,DEMIR,KIBAR,04.02.1974,E/M,P85O54817,TC/TUR,26.02.2026,ALGIŞ,US,T.C. İÇIŞLERI BAKANLIĞI
546,86259300415,FIRAT,ELVAN,17.09.1913,K/F,Y08I36424,TC/TUR,30.01.2023,SONNUR,HÜRDOĞAN,T.C. İÇIŞLERI BAKANLIĞI
547,10152762544,DURDU,HAYRÜNNISA,14.03.1967,K/F,T44Z34419,TC/TUR,10.05.2028,MEHRIGÜL,LÜTFI,T.C. İÇIŞLERI BAKANLIĞI
548,71833409786,SOYLU,RENGÜL,15.11.1996,K/F,H80P91874,TC/TUR,08.04.2025,SALIMET,ÜNSEVER,T.C. İÇIŞLERI BAKANLIĞI
549,14432671523,ÜLKER,GÜLEĞEN,11.09.1917,E/M,K31I40813,TC/TUR,23.05.2030,FERAHDIBA,YANKI,T.C. İÇIŞLERI BAKANLIĞI
550,59521834901,İNÖNÜ,URALTAY,10.02.1913,E/M,Y62E32030,TC/TUR,07.07.2031,SIDAR,KANAK,T.C. İÇIŞLERI BAKANLIĞI
551,49025625334,AKÇA,GÜLÇE,07.01.1968,K/F,B34A96017,TC/TUR,12.10.2026,SIDAR,AKALAN,T.C. İÇIŞLERI BAKANLIĞI
552,66553313883,İNÖNÜ,NATALIA,18.12.1914,K/F,E00B42535,TC/TUR,04.05.2026,EDAVIYE,ÖKKAŞ,T.C. İÇIŞLERI BAKANLIĞI
553,83205058354,ÖCALAN,OKBAY,05.05.1964,E/M,N98H46827,TC/TUR,10.06.2030,PEMBESIN,DURMUŞALI,T.C. İÇIŞLERI BAKANLIĞI
554,44669830617,HANÇER,FATIGÜL,04.07.1993,K/F,N68A08111,TC/TUR,08.01.2029,SANUR,NURCAN,T.C. İÇIŞLERI BAKANLIĞI
555,10706959769,YILMAZ,BURÇ,04.12.1913,E/M,I45A46481,TC/TUR,08.12.2024,LEZIZE,KAPAGAN,T.C. İÇIŞLERI BAKANLIĞI
556,99953838660,KARADENIZ,ZEYNO,23.05.1922,K/F,E61X15057,TC/TUR,11.12.2029,CANFEZA,CEBESOY,T.C. İÇIŞLERI BAKANLIĞI
557,42760146695,TARHAN,YURDASER,05.02.1913,K/F,O40M55367,TC/TUR,08.08.2022,RUMEYSA,GÖKBUDUN,T.C. İÇIŞLERI BAKANLIĞI
558,75681871446,ÇAMURCUOĞLU,RUHUGÜL,15.04.1925,K/F,T96O01166,TC/TUR,25.11.2026,ŞAZIME,ÖZBAY,T.C. İÇIŞLERI BAKANLIĞI
559,28655146009,ÇETIN,SAYDAM,13.09.1987,E/M,P89X32936,TC/TUR,30.09.2021,VACIBE,NURETDIN,T.C. İÇIŞLERI BAKANLIĞI
560,67416943177,YILMAZ,İZGÜ,03.10.1945,E/M,T85E43483,TC/TUR,04.06.2029,MIHRAB,ERKINEL,T.C. İÇIŞLERI BAKANLIĞI
561,62973298208,GÜLEN,ŞÖHRET,19.11.1939,K/F,K73X63407,TC/TUR,28.08.2030,ŞEHZA,SUNEL,T.C. İÇIŞLERI BAKANLIĞI
562,3212920162,YORULMAZ,SANCAK,22.07.1917,E/M,E60H26739,TC/TUR,27.11.2026,GÜLÜS,BAKI,T.C. İÇIŞLERI BAKANLIĞI
563,63410330994,AKÇAY,BÜNYAMÜN,14.06.1913,E/M,B55I59049,TC/TUR,21.04.2031,ÖZGE,MESTUR,T.C. İÇIŞLERI BAKANLIĞI
564,70955748730,MANSIZ,BALLI,18.05.1986,K/F,K97Z04476,TC/TUR,21.11.2025,SEFER,KIRAT,T.C. İÇIŞLERI BAKANLIĞI
565,32034719350,ÖCALAN,ALIŞIK,13.08.1948,K/F,K39P88009,TC/TUR,18.03.2025,ŞAMIHA,İNTIHAP,T.C. İÇIŞLERI BAKANLIĞI
566,11072168619,ZORLU,GÜNAR,17.01.1998,K/F,T96T73777,NER,22.10.2028,GÜLGEN,ERTUNCAY,T.C. İÇIŞLERI BAKANLIĞI
567,48693866126,TEVETOĞLU,NEZENGÜL,23.10.1920,K/F,B54N89611,TC/TUR,08.01.2023,ZÜLBIYE,ÇELIKKAN,T.C. İÇIŞLERI BAKANLIĞI
568,99209620835,FIRAT,TIMURTAŞ,17.02.1927,E/M,H66M45091,TC/TUR,11.06.2027,ÖZBILGE,ERENSOY,T.C. İÇIŞLERI BAKANLIĞI
569,72970540029,DEMIR,DILCAN,21.07.1973,K/F,O19B64839,TC/TUR,28.06.2026,GÜVERÇIN,DANIŞ,T.C. İÇIŞLERI BAKANLIĞI
570,89898007168,BILGE,SAHIL,22.01.1972,K/F,X55M76331,TC/TUR,17.07.2031,UĞUR,FATIH,T.C. İÇIŞLERI BAKANLIĞI
571,93437288036,HANÇER,ALKOR,17.01.1914,E/M,Z98Y89381,TC/TUR,07.06.2027,NEYRAN,BURAKHAN,T.C. İÇIŞLERI BAKANLIĞI
572,42155352410,İHSANOĞLU,FEYHA,04.10.1969,K/F,B52K55130,TC/TUR,01.07.2031,HÜSNÜHÂL,ÇAKIRCA,T.C. İÇIŞLERI BAKANLIĞI
573,75415325641,ÇETIN,RAYLA,29.10.1980,K/F,A17N68551,TC/TUR,27.12.2023,ASU,FILIT,T.C. İÇIŞLERI BAKANLIĞI
574,34634378843,GÜLEN,NURSIM,08.07.1932,K/F,K71Z03798,TC/TUR,21.03.2025,TANYU,GÖKÇIL,T.C. İÇIŞLERI BAKANLIĞI
575,12909486674,ERGÜL,HAYEL,27.03.1957,K/F,B41H42246,TC/TUR,05.10.2030,RENGÜL,ŞAHAT,T.C. İÇIŞLERI BAKANLIĞI
576,47817213937,TEVETOĞLU,NAKIP,30.07.1997,E/M,X02Y27390,TC/TUR,12.11.2023,SEÇGÜL,BILENDER,T.C. İÇIŞLERI BAKANLIĞI
577,82928741161,YAMAN,AKSÖĞÜT,25.04.1991,E/M,E20N23429,TC/TUR,01.06.2028,KUTUN,HACIALI,T.C. İÇIŞLERI BAKANLIĞI
578,51600090884,ASLAN,GÜNVER,01.04.1974,E/M,K44P69658,TC/TUR,20.04.2027,TURCEIN,ERDEMER,T.C. İÇIŞLERI BAKANLIĞI
579,44167435633,ŞAFAK,ÖZAY,13.05.1969,K/F,O34N60918,TC/TUR,11.07.2023,SELMIN,GÜÇAL,T.C. İÇIŞLERI BAKANLIĞI
580,92026927914,ÇAMURCUOĞLU,ARZIYE,04.01.1924,K/F,P77Z78272,TC/TUR,08.10.2026,DUHA,ŞABETTIN,T.C. İÇIŞLERI BAKANLIĞI
581,17765955348,BILGE,MUHAMMET,16.06.1993,E/M,K41B17513,TC/TUR,12.07.2031,BIRGÜL,NEHIP,T.C. İÇIŞLERI BAKANLIĞI
582,49499271146,ALEMDAR,GÜRTEN,29.08.1972,K/F,T28N98504,TC/TUR,13.11.2026,TAÇNUR,BAKI,T.C. İÇIŞLERI BAKANLIĞI
583,32003129870,YÜKSEL,GÜVERÇIN,04.10.1964,K/F,N76T91179,TC/TUR,05.08.2024,MUVAHHIDE,HATEM,T.C. İÇIŞLERI BAKANLIĞI
584,96706617711,GÜÇLÜ,SAIRE,19.05.1951,K/F,N71M69364,TC/TUR,14.03.2027,BESTE,KIRGIZ,T.C. İÇIŞLERI BAKANLIĞI
585,87187064644,ERASLAN,KIRAT,28.08.1919,E/M,N61B58173,TC/TUR,31.01.2029,HÜMEYRA,BIŞAR,T.C. İÇIŞLERI BAKANLIĞI
586,54345413436,AKÇAY,GÖKÇE,15.08.1942,K/F,A21H71458,TC/TUR,23.12.2022,KUMRAL,TAYLAK,T.C. İÇIŞLERI BAKANLIĞI
587,99971723430,ŞENER,TANSEV,09.02.2010,E/M,K60T45005,TC/TUR,07.10.2029,ÖMRIYE,SAMI,T.C. İÇIŞLERI BAKANLIĞI
588,42663695883,DURAN,İMREN,21.06.2009,E/M,K53O55246,ARG,02.06.2028,ÖZBILGE,LUTFI,T.C. İÇIŞLERI BAKANLIĞI
589,58344908070,MANSIZ,ANARGÜL,25.07.1963,K/F,M11K13946,TC/TUR,07.04.2025,NARHANIM,ÖZDAL,T.C. İÇIŞLERI BAKANLIĞI
590,89820624581,ERGÜL,SELCEN,21.02.1993,K/F,Z72H96234,TC/TUR,26.08.2024,AYCAGÜL,GÖKEN,T.C. İÇIŞLERI BAKANLIĞI
591,49948166698,YILMAZ,HEVA,07.05.1926,K/F,E72M09134,TC/TUR,23.10.2025,ZEYNO,MERDI,T.C. İÇIŞLERI BAKANLIĞI
592,48673436776,İHSANOĞLU,MISRA,13.05.1943,K/F,N86I78182,TC/TUR,25.03.2023,ŞEHREBAN,İNANÇLI,T.C. İÇIŞLERI BAKANLIĞI
593,85442818959,DUMANLI,NAZLIHAN,01.09.1946,K/F,E64Y92479,TC/TUR,31.03.2031,TAÇNUR,ÖZBILEK,T.C. İÇIŞLERI BAKANLIĞI
594,11892298357,DEMIR,FITNAT,25.06.1922,K/F,O41B41490,TC/TUR,22.12.2029,MERYEME,NABIL,T.C. İÇIŞLERI BAKANLIĞI
595,58445505565,SEVEN,ŞEFI,06.09.1977,E/M,X28I16208,TC/TUR,25.04.2029,GÜLSELIN,ALPIN,T.C. İÇIŞLERI BAKANLIĞI
596,37559995748,DEMIREL,AYDINÇ,07.11.1950,E/M,E25O47787,TC/TUR,17.02.2027,GONCAFER,BIRSEN,T.C. İÇIŞLERI BAKANLIĞI
597,66890701183,BILIR,SEÇGÜL,26.12.1982,K/F,O73I14438,COM,13.02.2025,MUFIDE,ONURCAN,T.C. İÇIŞLERI BAKANLIĞI
598,18833617266,MANSIZ,MIHRIYE,04.12.1971,K/F,O98M64894,TC/TUR,16.08.2031,SEHEL,VELITDIN,T.C. İÇIŞLERI BAKANLIĞI
599,87886742243,ERDOĞAN,İHSAN,17.05.1973,K/F,O17P82217,TC/TUR,04.08.2028,AKISE,ALAEDDIN,T.C. İÇIŞLERI BAKANLIĞI
600,56470442437,TARHAN,FERZI,16.03.2003,E/M,N45E26691,TC/TUR,12.04.2031,GABEL,HAKIKAT,T.C. İÇIŞLERI BAKANLIĞI
601,52953482276,YILDIRIM,SEZAL,31.08.1928,E/M,M11M73588,TC/TUR,19.05.2025,TULE,ONGAY,T.C. İÇIŞLERI BAKANLIĞI
602,70822711184,ERDOĞAN,ERDURSUN,17.02.1939,E/M,A08A46382,TC/TUR,28.05.2023,FADILA,TÜMER,T.C. İÇIŞLERI BAKANLIĞI
603,51267106093,ÜLKER,PAYE,15.02.1943,K/F,Y97A60172,TC/TUR,05.02.2024,PEMBESIN,AKGÖL,T.C. İÇIŞLERI BAKANLIĞI
604,72562582451,YILDIRIM,GÜLSÜ,25.12.1989,K/F,O15Y30740,TC/TUR,26.01.2022,ÖNCEL,BOZERK,T.C. İÇIŞLERI BAKANLIĞI
605,73395254738,YÜKSEL,EMINE.,22.09.1953,K/F,E19M66348,TC/TUR,24.06.2031,ZUBEYDE,BAHITTIN,T.C. İÇIŞLERI BAKANLIĞI
606,50154735170,GÜLEN,ISMIK,18.06.1971,E/M,N59B24076,TC/TUR,24.08.2030,MAHIGÜL,TATU,T.C. İÇIŞLERI BAKANLIĞI
607,10766383847,ARSOY,BILGINUR,16.04.1943,K/F,X59Z31395,ZMB,04.10.2029,PIRAN,BUHARI,T.C. İÇIŞLERI BAKANLIĞI
608,988960429,AKÇAY,SERMA,30.04.1975,K/F,B92A98747,ZWE,23.01.2022,MERIM,GÖKTEN,T.C. İÇIŞLERI BAKANLIĞI
609,69518241818,ARSOY,FILDAN,19.12.2003,K/F,O65Z15985,TC/TUR,26.02.2027,DIVAN,İLBEK,T.C. İÇIŞLERI BAKANLIĞI
610,21122537057,DURAN,HARIZ,26.06.1988,E/M,A00M46183,TC/TUR,31.10.2025,KADER,BEREN,T.C. İÇIŞLERI BAKANLIĞI
611,34813834703,KISAKÜREK,UĞURKAN,28.10.1929,E/M,E56M53513,COM,14.03.2026,GÜLFEZA,FERAT,T.C. İÇIŞLERI BAKANLIĞI
612,31588750231,TÜRK,SÜNER,11.03.1961,K/F,M79A08109,TC/TUR,24.07.2031,NATALIA,MUCAHIT,T.C. İÇIŞLERI BAKANLIĞI
613,24609759554,SOYLU,OKSEVEN,11.09.1930,E/M,N84B95716,TC/TUR,11.02.2029,RUHIDE,ERKILIÇ,T.C. İÇIŞLERI BAKANLIĞI
614,52977261864,GÜLEN,AYSEMA,07.06.1918,K/F,I13Z83484,TC/TUR,16.05.2026,TUTKUCAN,ISMIK,T.C. İÇIŞLERI BAKANLIĞI
615,83255067891,AKÇAY,EZGIN,07.05.1975,K/F,X57Y60225,TC/TUR,31.08.2022,SEVICAN,ORUÇ,T.C. İÇIŞLERI BAKANLIĞI
616,68331801291,ERTAŞ,MIYESSER,13.01.1959,K/F,Y47H15588,TC/TUR,12.08.2026,TEYBET,TUĞRULHAN,T.C. İÇIŞLERI BAKANLIĞI
617,23111290058,SAKARYA,MELIKKAN,12.04.1997,K/F,P53M91249,TC/TUR,26.04.2027,ŞEMSINISA,EDGÜBAY,T.C. İÇIŞLERI BAKANLIĞI
618,75330806086,AKAR,MEHMETZAHIR,03.12.1999,E/M,I17E91533,TC/TUR,29.10.2023,KUTGÜN,TOKTUĞ,T.C. İÇIŞLERI BAKANLIĞI
619,59890128255,AKGÜNDÜZ,ERKILIÇ,16.09.1987,E/M,H66H27535,TC/TUR,11.09.2029,ASU,FETULLAH,T.C. İÇIŞLERI BAKANLIĞI
620,97398667019,YAMAN,MESTUR,20.10.2009,E/M,I03A14635,SDN,05.02.2025,NÜRICE,TAYGAN,T.C. İÇIŞLERI BAKANLIĞI
621,38907995725,DEMIR,SAYGIN,06.11.1954,K/F,P90A84599,TC/TUR,06.07.2027,CEDIDE,YURDANUR,T.C. İÇIŞLERI BAKANLIĞI
622,93152166744,GÜL,EZGÜTEKIN,17.04.1969,E/M,H44X95008,TC/TUR,13.10.2029,GÖKPERI,YILDIR,T.C. İÇIŞLERI BAKANLIĞI
623,57650203221,SEZER,NURSER,06.01.1992,K/F,K85N30930,TC/TUR,04.04.2027,MUSAFFA,HÜSMEN,T.C. İÇIŞLERI BAKANLIĞI
624,60999354551,SEZER,GÜLSALIN,12.11.1948,K/F,A11I43811,TC/TUR,17.01.2028,İLKBAHAR,YALGIN,T.C. İÇIŞLERI BAKANLIĞI
625,53895700145,YAMAN,TEMUÇIN,02.07.2003,E/M,Z81I69699,TC/TUR,23.11.2028,AMRE,İDIRIS,T.C. İÇIŞLERI BAKANLIĞI
626,31530025025,ARSOY,OYMAK,21.05.1945,E/M,I29P84364,TC/TUR,05.08.2029,GÜLDER,GAZEL,T.C. İÇIŞLERI BAKANLIĞI
627,76677013226,ZENGIN,TUNAHAN,27.07.1958,E/M,K34Z76436,TC/TUR,27.01.2024,ZEBIRCE,CANTEZ,T.C. İÇIŞLERI BAKANLIĞI
628,70502628102,ŞENER,BOZTAŞ,09.04.1960,E/M,H01N38462,TC/TUR,15.05.2028,YAHŞI,ERTEN,T.C. İÇIŞLERI BAKANLIĞI
629,30188126023,AKÇA,NURETDIN,19.02.2001,E/M,M00Z46435,TC/TUR,03.10.2027,NAFILE,TÜRABI,T.C. İÇIŞLERI BAKANLIĞI
630,9539526679,FIRAT,FEHMIYE,07.09.1938,K/F,B14T00673,TC/TUR,17.10.2021,GÜLER,USHAN,T.C. İÇIŞLERI BAKANLIĞI
631,50301231671,KISAKÜREK,KOTUZ,12.10.1957,E/M,E51A93802,TC/TUR,19.11.2026,SAÇI,ZORAL,T.C. İÇIŞLERI BAKANLIĞI
632,68835715644,BILGIN,ÖZLEM,01.03.2001,K/F,Z29Z31308,TC/TUR,24.02.2028,GÜNEBAKAN,HIÇSÖNMEZ,T.C. İÇIŞLERI BAKANLIĞI
633,82167443937,ASLAN,DENKEL,20.11.1984,E/M,O92N67217,TC/TUR,08.11.2030,VEZRIFE,NOMAN,T.C. İÇIŞLERI BAKANLIĞI
634,16511391734,ARSLAN,MAŞIDE,06.02.1935,K/F,O11A49247,TC/TUR,25.10.2030,NURSIM,SAKIP,T.C. İÇIŞLERI BAKANLIĞI
635,72768575804,SEVEN,AYSUNA,03.10.1939,K/F,I22B31079,CAF,26.04.2031,NAFILE,ALPCAN,T.C. İÇIŞLERI BAKANLIĞI
636,12625414464,SEZGIN,ATALAY,04.10.1915,E/M,T08X20319,TC/TUR,22.01.2030,ÖZAY,ATALAY,T.C. İÇIŞLERI BAKANLIĞI
637,39438318281,ZORLU,PÜRÇEK,18.06.1926,K/F,Z15O17462,TC/TUR,18.09.2021,IŞIN,TEVS,T.C. İÇIŞLERI BAKANLIĞI
638,9894862146,DURMUŞ,SARYA,20.11.1926,K/F,O66Y76203,TC/TUR,07.04.2025,FADILA,TARANCI,T.C. İÇIŞLERI BAKANLIĞI
639,32238508844,DURMUŞ,BORAHAN,27.02.1994,E/M,B38X53650,TC/TUR,30.10.2028,ALTINBIKE,EFE,T.C. İÇIŞLERI BAKANLIĞI
640,23196860680,SOYLU,YEPELEK,09.03.2003,K/F,K39T22852,TC/TUR,24.01.2024,EVDE,MUSAFET,T.C. İÇIŞLERI BAKANLIĞI
641,17660771063,GÜLEN,TARANCI,30.05.1978,E/M,O07M67714,TC/TUR,18.09.2030,SEHEL,ÜLFET,T.C. İÇIŞLERI BAKANLIĞI
642,33435778847,KORUTÜRK,ZEHRANUR,20.08.1969,K/F,Z89Y04738,TC/TUR,31.05.2022,BEGIM,KIYASI,T.C. İÇIŞLERI BAKANLIĞI
643,5484308777,AKÇAY,KONGURALP,29.09.1936,E/M,P47N18298,TC/TUR,10.05.2026,ZÜHEYLA,ÖRIK,T.C. İÇIŞLERI BAKANLIĞI
644,43163799762,DUMANLI,HALIDUN,13.02.1980,E/M,T08H02631,TJK,07.06.2023,GÜLŞA,SILA,T.C. İÇIŞLERI BAKANLIĞI
645,82029261897,İHSANOĞLU,KAPAGAN,04.03.1970,E/M,Y75K85306,TC/TUR,17.08.2030,MEZIDE,ERBIL,T.C. İÇIŞLERI BAKANLIĞI
646,21045185485,YILMAZ,TANYU,13.08.1962,K/F,X95K22890,TC/TUR,26.09.2030,BIRBEN,ÖNCEL,T.C. İÇIŞLERI BAKANLIĞI
647,71672093650,ALEMDAR,TORHAN,23.12.2006,E/M,O53H78457,TC/TUR,18.05.2027,ZEYNO,İLSU,T.C. İÇIŞLERI BAKANLIĞI
648,14983090711,GÜLEN,TEMUÇIN,21.02.2002,E/M,E46X11997,TC/TUR,11.12.2024,DUHA,ÇAPKAN,T.C. İÇIŞLERI BAKANLIĞI
649,33311828940,TARHAN,YÖNETMEN,01.04.1994,E/M,H82X51580,TC/TUR,28.12.2022,KÂZIME,SITTIK,T.C. İÇIŞLERI BAKANLIĞI
650,27687636134,DURMUŞ,KIYASI,19.02.1913,E/M,Z60K94732,TC/TUR,21.06.2029,JARUTHIP,DOLUN,T.C. İÇIŞLERI BAKANLIĞI
651,991081417,ALEMDAR,RUHUGÜL,11.02.1991,K/F,K93E08806,TC/TUR,13.06.2027,İLKBAHAR,BIRSEN,T.C. İÇIŞLERI BAKANLIĞI
652,42507639156,SEZGIN,ÖZBAY,05.03.1940,E/M,M60T86544,TC/TUR,30.04.2026,MÜĞBER,ASLANHAN,T.C. İÇIŞLERI BAKANLIĞI
653,19619512192,FIRAT,SEYITHAN,01.09.1999,E/M,E05E68637,TC/TUR,19.06.2031,VEFIA,GENÇAY,T.C. İÇIŞLERI BAKANLIĞI
654,47445492405,ERASLAN,TACIDDIN,16.09.1971,E/M,A55E11342,VCT,09.02.2025,ÖZGE,ÖZBAY,T.C. İÇIŞLERI BAKANLIĞI
655,94227829934,KORUTÜRK,ŞILAN,24.07.1999,K/F,O10X94367,TC/TUR,11.11.2024,SEDIFE,ÇAĞA,T.C. İÇIŞLERI BAKANLIĞI
656,66615115110,ÇAMURCUOĞLU,TEVS,30.11.1969,E/M,O21T54292,TC/TUR,21.10.2024,RENGÜL,NUYAN,T.C. İÇIŞLERI BAKANLIĞI
657,89168347908,MANÇO,İSLIME,19.10.2009,K/F,N09M31691,TC/TUR,17.09.2027,NUREY,ONURSU,T.C. İÇIŞLERI BAKANLIĞI
658,52651631555,ÜLKER,GÜNGÖREN,03.05.1960,K/F,K32A36064,EGY,20.02.2024,HASRET,ERYILDIZ,T.C. İÇIŞLERI BAKANLIĞI
659,51160415637,YORULMAZ,HAMI,18.03.1939,E/M,K14E76933,TC/TUR,22.07.2031,SÜHEYDA,TÜZEER,T.C. İÇIŞLERI BAKANLIĞI
660,23797287327,ARSOY,TUTKUCAN,27.09.1964,K/F,E90O28764,TC/TUR,16.10.2027,BILGINUR,TUNÇKILIÇ,T.C. İÇIŞLERI BAKANLIĞI
661,96326284423,BILGIN,ZERIDE,01.01.1975,K/F,M04O10123,COM,07.10.2030,ÇEVREGÜL,ERTÜN,T.C. İÇIŞLERI BAKANLIĞI
662,70540839853,ALEMDAR,KAPAGAN,07.06.1979,E/M,B15X12951,TC/TUR,29.04.2026,AKMARAL,KOÇKAN,T.C. İÇIŞLERI BAKANLIĞI
663,75249261233,ALEMDAR,NIYAZI,17.11.1972,E/M,M96O33813,TC/TUR,06.02.2027,PIRAN,HANEDAN,T.C. İÇIŞLERI BAKANLIĞI
664,23291435732,AKÇAY,ARIEL,31.05.1954,E/M,B02B37484,TC/TUR,08.01.2025,CANUR,DIKEN,T.C. İÇIŞLERI BAKANLIĞI
665,9257034274,AKGÜNDÜZ,FATINUR,08.09.1932,K/F,P31N84387,TC/TUR,06.03.2030,ÖZBILGE,KIRAMETTIN,T.C. İÇIŞLERI BAKANLIĞI
666,96326189275,AKÇAY,ANDIÇ,31.05.1974,E/M,K30I78824,TC/TUR,05.04.2030,GÜLDÜNYA,MUCAHIT,T.C. İÇIŞLERI BAKANLIĞI
667,70808247771,GÜL,AYÜLKER,02.10.1930,K/F,B45K61231,TC/TUR,03.04.2022,RISALET,TUĞRULHAN,T.C. İÇIŞLERI BAKANLIĞI
668,15541087396,ŞAMA,AYGÖNENÇ,24.01.1946,K/F,A37N62694,TC/TUR,04.04.2029,NADES,TUĞTAŞ,T.C. İÇIŞLERI BAKANLIĞI
669,34513812386,DURAN,SÜHEYDA,02.12.1982,K/F,B35B64908,TC/TUR,23.07.2025,ZÜMRE,ERDEMER,T.C. İÇIŞLERI BAKANLIĞI
670,97313242294,ŞENER,DEĞER,19.08.1933,K/F,B69Y37910,TC/TUR,06.01.2025,SERMA,AMAÇ,T.C. İÇIŞLERI BAKANLIĞI
671,88504252366,AKAR,MEHMED,22.12.1955,E/M,E09B47240,ZWE,23.12.2026,MUSAFFA,ARU,T.C. İÇIŞLERI BAKANLIĞI
672,64601970136,ÇAMURCUOĞLU,ÇETINSU,22.01.1945,E/M,M48N74098,TC/TUR,26.06.2028,MAKSÜDE,KARACA,T.C. İÇIŞLERI BAKANLIĞI
673,94070438659,AKÇAY,ÜZER,25.01.1931,E/M,P76X45628,TC/TUR,22.11.2027,NEVISE,SELER,T.C. İÇIŞLERI BAKANLIĞI
674,39991568196,TARHAN,SONAD,05.10.1961,E/M,M40X57560,TC/TUR,15.01.2023,ŞIRIVAN,ÖZALPSAN,T.C. İÇIŞLERI BAKANLIĞI
675,79549361142,KARADENIZ,ÖZALPSAN,26.01.1922,E/M,A33I37666,TC/TUR,09.08.2025,NEYRAN,AKGÖL,T.C. İÇIŞLERI BAKANLIĞI
676,1544285230,TÜRK,EŞIM,23.07.1971,K/F,E51M16946,TC/TUR,09.05.2028,FERINAZ,ÇAKAR,T.C. İÇIŞLERI BAKANLIĞI
677,481314139,SEZGIN,SADIYE,02.09.1959,K/F,Y67B58965,TC/TUR,20.10.2027,VEZRIFE,ERTÜN,T.C. İÇIŞLERI BAKANLIĞI
678,36204041212,BILIR,NECDAT,26.12.1997,E/M,Z89K24604,TC/TUR,25.05.2027,VEFIA,ALSOY,T.C. İÇIŞLERI BAKANLIĞI
679,67690517981,GÜLEN,ULUMAN,09.02.1993,E/M,P06P98929,TC/TUR,18.03.2023,NURSIM,BEKTAŞI,T.C. İÇIŞLERI BAKANLIĞI
680,76031684107,ZORLU,KISMET,19.06.2000,K/F,A39M68024,TC/TUR,20.06.2026,ŞAHIGÜL,ONURCAN,T.C. İÇIŞLERI BAKANLIĞI
681,50985208790,DEMIREL,ÖZLEM,26.10.1935,K/F,Z09Y71893,NPL,15.05.2024,GÜLPER,MUKTEDIR,T.C. İÇIŞLERI BAKANLIĞI
682,19778214976,ZENGIN,AVŞIN,04.05.1936,E/M,P19E98361,TC/TUR,07.05.2025,SEVGEN,SÜVARI,T.C. İÇIŞLERI BAKANLIĞI
683,94309270964,KARADENIZ,ESKINALP,13.04.1962,E/M,Y48Y36334,TC/TUR,08.06.2029,GÜLBEYAN,SONGURKAN,T.C. İÇIŞLERI BAKANLIĞI
684,86612239030,KARADENIZ,ÖZKUTLU,27.04.1946,E/M,Y17Z67698,TC/TUR,29.06.2022,AKAY,ŞEMSETTIN,T.C. İÇIŞLERI BAKANLIĞI
685,55750000659,KARADENIZ,TANSES,11.06.1945,K/F,Y02M92727,TC/TUR,11.11.2026,MAKSÜDE,AKBOĞA,T.C. İÇIŞLERI BAKANLIĞI
686,75900435585,ÇAMURCUOĞLU,FEDEN,15.08.1922,K/F,Z59K23788,TC/TUR,30.11.2025,ÖZGE,AKBAŞ,T.C. İÇIŞLERI BAKANLIĞI
687,55842152562,GÜÇLÜ,BARIŞCAN,31.03.2008,E/M,Z32E03111,TC/TUR,16.09.2021,ENFES,YURTGÜVEN,T.C. İÇIŞLERI BAKANLIĞI
688,20592182280,GÜL,BEDIRIYE,28.01.1949,K/F,H53B26852,TC/TUR,29.04.2025,ÇEVREGÜL,ORTAK,T.C. İÇIŞLERI BAKANLIĞI
689,36529173382,ZORLU,AZADE,10.09.2003,K/F,X22O92242,TC/TUR,09.12.2030,NÜRICE,ERKILIÇ,T.C. İÇIŞLERI BAKANLIĞI
690,57713451013,ÇETIN,TANHAN,30.09.1977,E/M,E73Y54891,TC/TUR,07.10.2022,ESNA,MUHYETTIN,T.C. İÇIŞLERI BAKANLIĞI
691,58729256044,ŞENER,CANGÜR,01.02.1916,E/M,K15H43868,MLI,09.12.2025,SOYKAN,SUDI,T.C. İÇIŞLERI BAKANLIĞI
692,32202543907,BILGE,GÜNGÖREN,27.07.1939,K/F,Z01M29616,TC/TUR,04.08.2023,SIMBER,ERKSOY,T.C. İÇIŞLERI BAKANLIĞI
693,36885620967,AKÇAY,GÜLER,15.12.1915,K/F,B78T13206,TC/TUR,07.05.2026,KADER,HEKMET,T.C. İÇIŞLERI BAKANLIĞI
694,96483985002,ŞENSOY,ÇELIKYÜREK,24.06.1957,E/M,B50X43641,TC/TUR,14.05.2031,AYYARUK,YURDANUR,T.C. İÇIŞLERI BAKANLIĞI
695,96392709529,GÜÇLÜ,FADILA,20.07.1988,K/F,K82O10813,CHE,07.11.2025,GÖKÇE,BORATAŞ,T.C. İÇIŞLERI BAKANLIĞI
696,97771693098,KISAKÜREK,ERMUTLU,01.07.1936,E/M,Z09N47340,TC/TUR,03.04.2029,MEVLÜDIYE,ALISEYDI,T.C. İÇIŞLERI BAKANLIĞI
697,69183985428,FIRAT,KIFAYE,01.04.1957,K/F,X23E74653,TC/TUR,16.07.2023,AYSEVIM,SONGURKAN,T.C. İÇIŞLERI BAKANLIĞI
698,21192484312,YAMAN,YILMA,06.04.1946,E/M,N72A11071,TC/TUR,18.11.2023,MEFHARET,ERAYCAN,T.C. İÇIŞLERI BAKANLIĞI
699,21620190588,BILGIN,TONGUÇ,22.03.1961,E/M,P28M92164,TC/TUR,28.11.2022,GILMAN,YOLAL,T.C. İÇIŞLERI BAKANLIĞI
700,78436906324,ÇETIN,AYGUTALP,14.12.1948,E/M,K97O80383,TC/TUR,21.12.2025,MÜRET,ERSEL,T.C. İÇIŞLERI BAKANLIĞI
701,46691118102,ARSOY,AKAY,27.10.1975,K/F,E60E11959,TC/TUR,28.06.2022,TICEN,ZENNUN,T.C. İÇIŞLERI BAKANLIĞI
702,87866413552,ŞAMA,YURTTAŞ,21.07.1925,E/M,E87N30576,TC/TUR,02.04.2025,ÜNSEVER,MANSURALI,T.C. İÇIŞLERI BAKANLIĞI
703,59765595180,ERTAŞ,SÜNER,05.08.1918,K/F,X78X90602,TC/TUR,24.03.2023,NEBIHA,TÜMKURT,T.C. İÇIŞLERI BAKANLIĞI
704,73413026136,TEVETOĞLU,ÇOĞAY,02.11.2007,E/M,E78A21682,TC/TUR,14.12.2024,GÜLER,YIGIT,T.C. İÇIŞLERI BAKANLIĞI
705,75965260090,AKAR,MECIT,21.01.1998,E/M,N70A10917,TC/TUR,08.03.2026,GÖKPERI,BORAHAN,T.C. İÇIŞLERI BAKANLIĞI
706,93438493500,GÜLEN,HEZNIYE,22.02.1972,K/F,H19O57039,TC/TUR,15.09.2028,ESNA,GÜÇYETER,T.C. İÇIŞLERI BAKANLIĞI
707,63333090943,AKÇAY,CANSEVEN,06.08.1989,K/F,A07I22811,TC/TUR,23.09.2022,TOMURCUK,TUĞRULHAN,T.C. İÇIŞLERI BAKANLIĞI
708,22730759051,ERDOĞAN,EŞREF,01.10.1933,E/M,T09Z32637,TC/TUR,20.04.2031,BEZEK,DURUK,T.C. İÇIŞLERI BAKANLIĞI
709,55289373495,ŞENER,KOTUZ,26.11.1982,E/M,B88N20016,TC/TUR,16.03.2030,HURŞIDE,HAZRAT,T.C. İÇIŞLERI BAKANLIĞI
710,89164350565,YILDIRIM,BAŞHAN,09.10.1971,E/M,M94H88460,TC/TUR,20.10.2021,MAŞIDE,BULUNÇ,T.C. İÇIŞLERI BAKANLIĞI
711,69158331935,SEZER,ALAADDIN,29.04.1994,E/M,K14P08738,TC/TUR,26.11.2024,FIRDEVIS,KARAER,T.C. İÇIŞLERI BAKANLIĞI
712,28841638254,KORUTÜRK,KERIME,22.03.1936,K/F,I50M55375,TC/TUR,28.11.2028,HÜSNÜHÂL,NAZLIM,T.C. İÇIŞLERI BAKANLIĞI
713,88523760444,ERTAŞ,SEYDO,15.06.1982,E/M,T30I80752,TC/TUR,12.08.2027,ZEMZEM,GÖKAY,T.C. İÇIŞLERI BAKANLIĞI
714,25265351292,ERTAŞ,GÜLŞA,30.04.1946,K/F,Y31N48211,TC/TUR,05.08.2025,GÜRCÜYE,ÖZALPSAN,T.C. İÇIŞLERI BAKANLIĞI
715,18538978981,BILIR,ALIABBAS,17.04.1934,E/M,O25M42503,TC/TUR,13.05.2031,KADINANA,KAYAGÜN,T.C. İÇIŞLERI BAKANLIĞI
716,25877831493,FIRAT,AYGÖNENÇ,15.03.1938,K/F,A74I49145,TC/TUR,17.02.2025,VARLIK,ERDURSUN,T.C. İÇIŞLERI BAKANLIĞI
717,10177992473,AKÇA,KENTER,24.02.1915,E/M,H58N84922,TC/TUR,05.08.2030,ÜMMÜHAN,AHAT,T.C. İÇIŞLERI BAKANLIĞI
718,41861683886,ÖCALAN,NATALIA,13.03.2000,K/F,I76E49138,TC/TUR,08.04.2025,AHTER,ÜMMET,T.C. İÇIŞLERI BAKANLIĞI
719,63276244219,ASLAN,BEDIRIYE,08.06.1992,K/F,O72H56868,TC/TUR,11.01.2024,GÜLCEGÜN,AZETTIN,T.C. İÇIŞLERI BAKANLIĞI
720,5458715244,ERTAŞ,LÜTFI,08.07.1985,E/M,E62Y78507,TC/TUR,01.04.2031,KARDELEN,SAYRAK,T.C. İÇIŞLERI BAKANLIĞI
721,50408970074,MANSIZ,FERIHAN,17.05.1976,E/M,N92K52407,TC/TUR,28.12.2026,DIVAN,ÜNSEVER,T.C. İÇIŞLERI BAKANLIĞI
722,36824624088,ERTAŞ,SEÇGÜL,19.11.1952,K/F,X74E65601,TC/TUR,27.12.2025,HAZINE,ATALAY,T.C. İÇIŞLERI BAKANLIĞI
723,16844442642,İHSANOĞLU,JANKAT,23.05.1934,E/M,P26X72609,TC/TUR,10.05.2029,GELENGÜL,AÇIKEL,T.C. İÇIŞLERI BAKANLIĞI
724,82397148939,YORULMAZ,ULUĞBEY,08.06.1952,E/M,K25X31260,TC/TUR,09.07.2031,SÜLEYLA,ARU,T.C. İÇIŞLERI BAKANLIĞI
725,50572229184,ARSLAN,SALIMET,27.06.1979,K/F,T57P01268,TC/TUR,07.01.2026,MEVEDDET,AYTUNA,T.C. İÇIŞLERI BAKANLIĞI
726,71268015706,YILMAZ,GÜNERI,26.12.1987,E/M,X58P05991,TC/TUR,14.09.2029,RÜMEYSA,GÜNSER,T.C. İÇIŞLERI BAKANLIĞI
727,59749483788,HANÇER,GÜLLÜHAN,10.12.1911,K/F,T67H58623,TC/TUR,30.04.2027,AMRE,METINKAYA,T.C. İÇIŞLERI BAKANLIĞI
728,97387243534,DEMIREL,SAMI,10.04.1920,E/M,T99K96299,TC/TUR,04.05.2022,AYTÖZ,AKGÖL,T.C. İÇIŞLERI BAKANLIĞI
729,92342259494,BILIR,İLPER,26.07.1925,K/F,H35I72166,TC/TUR,10.05.2023,ÇAĞLAR,BABA,T.C. İÇIŞLERI BAKANLIĞI
730,17170357016,SAKARYA,HAZRAT,26.09.1922,E/M,N92X97490,TC/TUR,11.01.2028,OGUŞ,KILIÇBAY,T.C. İÇIŞLERI BAKANLIĞI
731,6854638217,ERTAŞ,ALATTIN,12.10.1976,E/M,A20K24548,TC/TUR,01.05.2029,SATIA,ŞAVKI,T.C. İÇIŞLERI BAKANLIĞI
732,44838330463,ERTAŞ,AKSAY,15.09.1925,E/M,B32I97406,TC/TUR,20.01.2022,SÜSEN,UZBAY,T.C. İÇIŞLERI BAKANLIĞI
733,35319052937,ÇORLU,EVDE,05.10.1964,K/F,T91H03944,TC/TUR,01.07.2031,NAZLIHAN,MERDI,T.C. İÇIŞLERI BAKANLIĞI
734,785626833,YILMAZ,MERYEME,14.09.1921,K/F,Z93N00056,TC/TUR,24.09.2028,YÜCEL,İBRAHIM,T.C. İÇIŞLERI BAKANLIĞI
735,64467161381,DEMIREL,ONURCAN,08.07.1941,E/M,Z78P31429,TC/TUR,08.06.2024,TAÇNUR,SEHA,T.C. İÇIŞLERI BAKANLIĞI
736,84598902054,SEZER,SABIHE,21.10.1960,K/F,P43O73196,TC/TUR,17.07.2030,MEYHANIM,ATNAN,T.C. İÇIŞLERI BAKANLIĞI
737,37265643066,KISAKÜREK,NASIBA,04.10.1977,K/F,M40E70019,TC/TUR,04.03.2027,KEFSER,ÇAVULDUR,T.C. İÇIŞLERI BAKANLIĞI
738,81675744210,ÇAMURCUOĞLU,GÜNSEL,29.05.1919,K/F,X42H46531,TC/TUR,22.06.2031,LAZE,TANPINAR,T.C. İÇIŞLERI BAKANLIĞI
739,7815416278,YÜKSEL,EMAL,18.10.1972,K/F,E58M53476,TC/TUR,12.04.2025,NAZIDIL,AŞIR,T.C. İÇIŞLERI BAKANLIĞI
740,2035834373,AKAR,SELAHEDDIN,06.05.1983,E/M,A87I03450,LVA,28.11.2027,ZINNURE,TEMUÇIN,T.C. İÇIŞLERI BAKANLIĞI
741,40517550137,YILDIRIM,SIPER,28.09.1938,E/M,Y61I80756,TC/TUR,24.11.2024,MEZIDE,TAYYIP,T.C. İÇIŞLERI BAKANLIĞI
742,75084187198,YILDIRIM,FERMUTA,08.03.1984,K/F,B45N75474,TC/TUR,03.06.2028,GANIYE,BEKBAY,T.C. İÇIŞLERI BAKANLIĞI
743,35195591345,DEMIR,SEREZLI,14.01.1999,E/M,E88Y28715,TC/TUR,23.06.2025,BITÜL,DERKAY,T.C. İÇIŞLERI BAKANLIĞI
744,94237976050,ŞENER,FILIT,16.02.1965,E/M,Z80T39300,TC/TUR,22.07.2022,ŞEYDA,OTAY,T.C. İÇIŞLERI BAKANLIĞI
745,58683138184,YILMAZ,AVUNÇ,09.01.1952,K/F,P63O27673,TC/TUR,30.05.2029,ALMAST,ÜSTÜN,T.C. İÇIŞLERI BAKANLIĞI
746,27529402152,BILIR,FAHRULLAH,03.11.1960,E/M,E52Y51796,TC/TUR,17.08.2023,YEKBUN,DOĞANALP,T.C. İÇIŞLERI BAKANLIĞI
747,94803792751,SOYLU,HANBIKEN,18.09.1919,K/F,I46A04655,TC/TUR,05.02.2022,ÖZGE,ŞERAFEDDIN,T.C. İÇIŞLERI BAKANLIĞI
748,81849516578,DURAN,NURULLAH,30.10.1997,E/M,N13P03581,TC/TUR,22.03.2029,SUBUTIYE,MESTUR,T.C. İÇIŞLERI BAKANLIĞI
749,90200262196,ÇETIN,ÂDEM,22.10.2008,E/M,Z72A28908,TC/TUR,31.03.2028,BIRSAN,ADLAN,T.C. İÇIŞLERI BAKANLIĞI
750,14202131000,ÇETIN,GÜL,18.04.1940,K/F,K62K11335,TC/TUR,22.05.2026,ALTINÇIÇEK,ALTINIŞIN,T.C. İÇIŞLERI BAKANLIĞI
751,42902927180,ERGÜL,EYYÜP,01.09.1937,E/M,B00T45301,TC/TUR,04.09.2027,MÜSEMMA,ARU,T.C. İÇIŞLERI BAKANLIĞI
752,4435115053,DEMIREL,HEKIME,22.09.1953,K/F,T90P32710,TC/TUR,27.09.2021,TERCAN,KAŞIF,T.C. İÇIŞLERI BAKANLIĞI
753,97761231063,DEMIR,BARSEN,24.02.1999,E/M,Y07X82848,TC/TUR,01.07.2030,GÜLŞA,HÜSMEN,T.C. İÇIŞLERI BAKANLIĞI
754,62559516609,GÜLEN,RISALET,25.09.1932,E/M,P83M22956,TC/TUR,24.08.2031,FERINAZ,YALTIRAK,T.C. İÇIŞLERI BAKANLIĞI
755,91571012421,DEMIR,BAĞDAT,16.01.1960,K/F,Y03T23197,TC/TUR,17.01.2029,FERINAZ,SEROL,T.C. İÇIŞLERI BAKANLIĞI
756,82412137557,ARSLAN,İÇIMBIKE,28.10.1910,K/F,T46Z27368,TC/TUR,15.03.2022,ALMAST,KINEL,T.C. İÇIŞLERI BAKANLIĞI
757,55979444335,ÇAMURCUOĞLU,NEPTÜN,09.06.1963,K/F,H51X36976,TC/TUR,08.07.2024,SEVIM,DELIL,T.C. İÇIŞLERI BAKANLIĞI
758,27011182989,AKÇAY,DILCAN,29.01.1937,K/F,P11O33405,TC/TUR,24.07.2031,MÜŞÜRE,YERTAN,T.C. İÇIŞLERI BAKANLIĞI
759,29928311507,ASLAN,FÜGEN,24.01.1998,K/F,N79M71169,TC/TUR,05.12.2024,AYÜLKER,ZEYNELABIDIN,T.C. İÇIŞLERI BAKANLIĞI
760,40590156693,AKÇAY,AKYILDIZ,25.06.1931,K/F,A27X04203,TC/TUR,15.10.2025,ORÇIN,LÜTFI,T.C. İÇIŞLERI BAKANLIĞI
761,65047803367,DEMIREL,KARATAŞ,26.10.1941,E/M,O01Z53993,TC/TUR,17.03.2023,MUHIYE,DURDALI,T.C. İÇIŞLERI BAKANLIĞI
762,86899243728,YILDIRIM,AYAYDIN,21.05.1955,E/M,K48E41263,TC/TUR,23.12.2022,GÜLMISAL,BUHARI,T.C. İÇIŞLERI BAKANLIĞI
763,97068366899,AKAR,SAYGIN,25.10.1920,K/F,N58E66630,TC/TUR,30.10.2028,RAHIYE,GÜCAL,T.C. İÇIŞLERI BAKANLIĞI
764,46615786888,MANSIZ,SELÂTIN,02.01.1953,E/M,B05Y46797,TC/TUR,02.09.2023,ÜLKÜM,TUĞCAN,T.C. İÇIŞLERI BAKANLIĞI
765,41946868464,AKÇA,EDGÜBAY,20.07.1952,E/M,N80H88470,TC/TUR,17.09.2029,GÜLINAZ,ATATÖRE,T.C. İÇIŞLERI BAKANLIĞI
766,197629524,ŞAFAK,DINCER,22.07.1945,E/M,E18N04455,TC/TUR,04.11.2021,FERAYE,BEKTAŞI,T.C. İÇIŞLERI BAKANLIĞI
767,4081637798,YILMAZ,SIPER,06.04.1935,E/M,K63Z66639,TC/TUR,26.08.2028,MISRA,SÖZER,T.C. İÇIŞLERI BAKANLIĞI
768,2880244981,GÜÇLÜ,SÜZER,30.06.1978,K/F,E74A25935,TC/TUR,12.01.2030,ASU,ABDÜLKERIM,T.C. İÇIŞLERI BAKANLIĞI
769,99181200946,DEMIREL,BARSEN,27.08.1961,E/M,X88A34152,TC/TUR,22.02.2028,ŞENDOĞAN,GÜLŞAHIN,T.C. İÇIŞLERI BAKANLIĞI
770,1046806360,SEZER,MÜFERRIH,07.10.1995,K/F,H89P63820,TC/TUR,04.10.2021,MEVLÜDIYE,FAHRULLAH,T.C. İÇIŞLERI BAKANLIĞI
771,95382070676,İNÖNÜ,NAKIP,16.03.1912,E/M,M56N11809,TC/TUR,25.09.2029,DENIZ,ÖZEL,T.C. İÇIŞLERI BAKANLIĞI
772,33687987644,ERASLAN,NAZENDE,09.05.1950,K/F,A94B96837,TC/TUR,09.10.2025,KONCAGÜL,YURTTAŞ,T.C. İÇIŞLERI BAKANLIĞI
773,41590312052,YILDIRIM,TERCAN,06.02.1914,K/F,P97E04097,TC/TUR,18.06.2031,LÂLE,DURUK,T.C. İÇIŞLERI BAKANLIĞI
774,54413739801,YAMAN,GÜLINAZ,24.03.1969,K/F,Z52I75212,TC/TUR,11.02.2029,GÜLSELIN,YEKDA,T.C. İÇIŞLERI BAKANLIĞI
775,40645757665,ÖCALAN,İNSAF,22.07.1952,K/F,N20K41313,TC/TUR,16.10.2026,HABIBE,HAYRET,T.C. İÇIŞLERI BAKANLIĞI
776,75854726491,ALEMDAR,GÜLAĞA,28.11.1936,E/M,B75M75443,TC/TUR,28.04.2026,AKSOY,ALTOĞAN,T.C. İÇIŞLERI BAKANLIĞI
777,31713360840,SOYLU,RENGÜL,22.12.1993,K/F,X10Z09919,TC/TUR,16.10.2025,KUMRAL,BAHITTIN,T.C. İÇIŞLERI BAKANLIĞI
778,75281720992,DURAN,ERGENER,12.11.1949,E/M,O07M69100,KAZ,29.11.2024,ŞAYAN,KALGAY,T.C. İÇIŞLERI BAKANLIĞI
779,93823136523,YAMAN,SIDKI,04.09.1911,E/M,K53K65380,TC/TUR,21.12.2021,SABIR,BORAHAN,T.C. İÇIŞLERI BAKANLIĞI
780,93531212032,DURMUŞ,ÖZAKAN,04.10.1952,E/M,O53Z18255,TC/TUR,30.04.2027,ELVAN,EMRULLAH,T.C. İÇIŞLERI BAKANLIĞI
781,51573181853,YILDIRIM,ÜSTÜN,13.08.1967,E/M,Z47O04511,TC/TUR,23.03.2027,FERAHDIBA,NECMETTIN,T.C. İÇIŞLERI BAKANLIĞI
782,72645310775,ŞAMA,BABA,09.07.1915,E/M,H90I46420,TC/TUR,08.07.2030,ŞAMIHA,BERRAN,T.C. İÇIŞLERI BAKANLIĞI
783,21386150540,AKSU,LÜFEN,22.12.1978,K/F,M89H59469,TC/TUR,30.07.2029,PEREN,ARGU,T.C. İÇIŞLERI BAKANLIĞI
784,65233908174,ZORLU,İMAM,13.09.1964,E/M,O76T04819,TC/TUR,09.09.2028,VILDANE,SEROL,T.C. İÇIŞLERI BAKANLIĞI
785,8214633789,AKDENIZ,CANSIN,20.06.2005,E/M,H73O64176,GIN,12.06.2030,AYGÖNENÇ,GAZEL,T.C. İÇIŞLERI BAKANLIĞI
786,21312607962,ERASLAN,REHIME,31.07.1940,K/F,H86Y20565,TC/TUR,30.06.2023,UĞUR,ÖZÜDOĞRU,T.C. İÇIŞLERI BAKANLIĞI
787,45686022302,İHSANOĞLU,ABUZAR,02.11.1941,E/M,P64B74768,TC/TUR,07.03.2030,SEVIM,BATURAY,T.C. İÇIŞLERI BAKANLIĞI
788,70088854536,SEZER,EMINE.,16.01.1966,K/F,Z59B11594,TC/TUR,22.01.2031,NEVGIN,GÖRGÜNAY,T.C. İÇIŞLERI BAKANLIĞI
789,41654165228,AKDENIZ,EFLÂTUN,30.06.1981,E/M,A35H88361,TC/TUR,29.08.2025,SEVICAN,BÜGET,T.C. İÇIŞLERI BAKANLIĞI
790,36116195689,AKÇA,ARCAN,22.01.1953,E/M,O86T96196,ARG,16.09.2030,İZEL,SAYIN,T.C. İÇIŞLERI BAKANLIĞI
791,87537683680,ZENGIN,SELATIN,25.05.1957,E/M,B96O32966,TC/TUR,28.03.2028,ÖZGÜN,TANAK,T.C. İÇIŞLERI BAKANLIĞI
792,41371926396,ŞENSOY,ADVIYE,09.05.1953,K/F,Y76Y49473,TC/TUR,17.05.2028,BEGIM,YALGIN,T.C. İÇIŞLERI BAKANLIĞI
793,32790658995,AKSU,ALABEZEK,24.03.1940,K/F,M79H50724,CRI,18.05.2023,GÜLŞEREF,ÇAĞVEREN,T.C. İÇIŞLERI BAKANLIĞI
794,31364785063,ŞENER,AKGÜNEŞ,24.02.1945,K/F,N05B71202,TC/TUR,04.04.2024,GÜLGEN,MÜNIF,T.C. İÇIŞLERI BAKANLIĞI
795,72695599567,ŞAFAK,ATATÖRE,03.07.1939,E/M,H91X10735,TC/TUR,06.05.2029,ZÜHEYLA,DIRLIK,T.C. İÇIŞLERI BAKANLIĞI
796,64242712499,ERGÜL,İHSAN,03.11.1987,K/F,Y70A95153,TC/TUR,16.04.2028,GÖKÇE,HEKMET,T.C. İÇIŞLERI BAKANLIĞI
797,891802327,KORUTÜRK,KADINANA,24.01.1969,K/F,N35X36812,TC/TUR,11.06.2025,DEĞER,KARCAN,T.C. İÇIŞLERI BAKANLIĞI
798,1160032958,SEZGIN,UZSOY,16.10.1981,E/M,H29M85830,TC/TUR,10.10.2021,GANIYE,SAVAK,T.C. İÇIŞLERI BAKANLIĞI
799,63546379407,ZENGIN,NAZENDE,15.08.1974,K/F,O25B91992,TC/TUR,29.09.2026,SABIR,ATNAN,T.C. İÇIŞLERI BAKANLIĞI
800,71118261348,ZENGIN,ŞILAN,23.04.1940,K/F,K59P83095,TC/TUR,16.11.2030,ZÖHREHAN,TEKSOY,T.C. İÇIŞLERI BAKANLIĞI
801,53640984175,DURMUŞ,ÇEVREGÜL,16.03.1965,K/F,X70E91517,TC/TUR,13.05.2026,REHIME,NIYAZI,T.C. İÇIŞLERI BAKANLIĞI
802,1812427428,BILGIN,MÜJDE,12.07.1926,K/F,X44E43237,TC/TUR,21.07.2023,MEVEDDET,ÖZINAL,T.C. İÇIŞLERI BAKANLIĞI
803,30871443518,ÇORLU,MEYHANIM,28.11.1935,K/F,N29H54238,TC/TUR,25.05.2027,FEHMIYE,İKIZ,T.C. İÇIŞLERI BAKANLIĞI
804,65820089143,İHSANOĞLU,ÇAVULDUR,25.02.1951,E/M,P12Z98470,TC/TUR,17.01.2023,DURSADIYE,TANHAN,T.C. İÇIŞLERI BAKANLIĞI
805,67190306155,ÇETIN,PAKSU,08.05.1912,K/F,M37P08546,TC/TUR,03.08.2026,MECIDE,ÖZDIL,T.C. İÇIŞLERI BAKANLIĞI
806,33322804309,AKAR,GÖZEM,11.07.1937,K/F,A26T86660,TC/TUR,11.01.2024,YAZGÜL,ABDULSEMET,T.C. İÇIŞLERI BAKANLIĞI
807,27645082874,DEMIR,NABIL,16.07.1922,E/M,N47Z05792,TC/TUR,01.04.2022,SEHEL,SULHI,T.C. İÇIŞLERI BAKANLIĞI
808,60667057386,GÜLEN,ERKAN,19.04.1926,E/M,A71A22448,TC/TUR,06.11.2030,BIDAYET,FEYRUZ,T.C. İÇIŞLERI BAKANLIĞI
809,55798452514,BILGIN,AZADE,27.05.1990,K/F,M79H53223,TC/TUR,10.07.2025,PERMUN,GÜNSER,T.C. İÇIŞLERI BAKANLIĞI
810,53245939168,AKSU,DILŞAT,10.05.1955,K/F,M57X91420,TC/TUR,10.02.2031,ÖVÜN,YORUÇ,T.C. İÇIŞLERI BAKANLIĞI
811,70339699860,AKAR,SEBLÂ,28.07.1998,K/F,T90B14728,TC/TUR,17.08.2028,BERRIN,PAKER,T.C. İÇIŞLERI BAKANLIĞI
812,67599072103,AKGÜNDÜZ,HANSULTAN,13.04.1946,K/F,E23I07274,TC/TUR,12.08.2024,CEDIDE,HAKIKAT,T.C. İÇIŞLERI BAKANLIĞI
813,82257779806,SEZER,YALTIRAK,28.05.1950,E/M,I41I55611,TC/TUR,24.06.2025,İZEL,ÖZDIL,T.C. İÇIŞLERI BAKANLIĞI
814,63093454808,SEZGIN,SABIHE,16.02.1977,K/F,X37T69053,MDV,24.09.2021,GÜLBIYE,MESTUR,T.C. İÇIŞLERI BAKANLIĞI
815,91702176385,ASLAN,EMIŞ,26.12.2004,K/F,A71O41592,TC/TUR,09.02.2024,GÜLŞA,ROHAT,T.C. İÇIŞLERI BAKANLIĞI
816,14938432445,AKDENIZ,TAMAYDIN,30.12.1981,E/M,K41O57745,TC/TUR,16.12.2022,OLUŞ,GÖKÇIL,T.C. İÇIŞLERI BAKANLIĞI
817,32548107504,DEMIREL,ATATÖRE,18.11.1937,E/M,N71Y05967,DZA,30.09.2026,SIDAR,ÇOPUR,T.C. İÇIŞLERI BAKANLIĞI
818,55737260434,ARSLAN,SEYDO,26.06.1972,E/M,K46Z08398,TC/TUR,17.05.2030,GÜNGÖREN,OLCA,T.C. İÇIŞLERI BAKANLIĞI
819,25497925106,MANÇO,ASIMAN,09.07.2000,K/F,A34E20993,TC/TUR,12.02.2025,BILAY,MESTUR,T.C. İÇIŞLERI BAKANLIĞI
820,97986819195,MANÇO,ŞALI,06.11.1965,E/M,Y63X21794,ROU,30.08.2028,İLDEŞ,ERDEMER,T.C. İÇIŞLERI BAKANLIĞI
821,61533580261,BILGE,ÜMMAHAN,04.10.1983,K/F,K64T72878,TC/TUR,08.02.2024,LAIKA,ACLAN,T.C. İÇIŞLERI BAKANLIĞI
822,18767086093,ASLAN,IŞIN,03.07.1994,K/F,I43O21092,TC/TUR,06.11.2027,HABIBE,ALANALP,T.C. İÇIŞLERI BAKANLIĞI
823,33560337546,YILDIRIM,RUHIDE,22.10.1928,K/F,M30Z51842,TC/TUR,02.05.2026,MINIBE,GÖKAY,T.C. İÇIŞLERI BAKANLIĞI
824,20380032487,ALEMDAR,SERNUR,31.05.1983,K/F,A12N40616,TC/TUR,08.02.2026,CANUR,TÜRKALP,T.C. İÇIŞLERI BAKANLIĞI
825,44793213561,TEVETOĞLU,ÖNEL,29.09.1967,E/M,I44Y80456,TC/TUR,15.03.2023,SIRRIYE,KAHIR,T.C. İÇIŞLERI BAKANLIĞI
826,69551239221,SEZER,MUFIDE,18.07.1987,K/F,T76K16727,TC/TUR,29.10.2024,REFET,JANKAT,T.C. İÇIŞLERI BAKANLIĞI
827,40338237442,YORULMAZ,NAFILE,06.10.1941,K/F,I63M67015,TC/TUR,05.05.2029,LEZIZE,KASIM,T.C. İÇIŞLERI BAKANLIĞI
828,96551189119,AKÇA,KERIME,05.06.1983,K/F,E24I58388,TC/TUR,08.04.2028,İLKBAHAR,ALSOY,T.C. İÇIŞLERI BAKANLIĞI
829,67298593975,ÇETIN,KAYAGÜN,17.02.1972,E/M,I26A92759,TC/TUR,14.09.2025,KEZBAN,SAVNI,T.C. İÇIŞLERI BAKANLIĞI
830,44866420942,YILMAZ,FAYIZE,23.11.1972,K/F,O90N11937,TC/TUR,11.01.2022,SELVI,HÜSMEN,T.C. İÇIŞLERI BAKANLIĞI
831,94013965664,ZORLU,BEKTAŞI,17.05.1920,E/M,Y32O43925,MNE,08.04.2030,NEJDET,OKBAY,T.C. İÇIŞLERI BAKANLIĞI
832,46748954960,ALEMDAR,AYHAN,18.08.1945,K/F,I34K24798,TC/TUR,01.11.2022,SEBLÂ,NAKIP,T.C. İÇIŞLERI BAKANLIĞI
833,24456307577,GÜLEN,SUNEL,06.04.1990,E/M,T25A30793,GNB,06.07.2031,TÜRKNUR,SAMURTAY,T.C. İÇIŞLERI BAKANLIĞI
834,96523036316,TEVETOĞLU,TUĞÇE,03.11.2000,K/F,B32Y16913,TC/TUR,25.07.2029,NEŞRIN,ALISEYDI,T.C. İÇIŞLERI BAKANLIĞI
835,12918977064,ARSLAN,KIBAR,06.10.1922,E/M,Z75E12262,TC/TUR,13.04.2026,ZALIHA,TANYOLAÇ,T.C. İÇIŞLERI BAKANLIĞI
836,74879290937,AKDENIZ,PERINUR,07.03.1993,K/F,E02I15667,TC/TUR,03.07.2022,TASVIR,TEKECAN,T.C. İÇIŞLERI BAKANLIĞI
837,38098946590,KARADENIZ,AKAY,26.04.1925,K/F,A21P96216,TC/TUR,09.07.2027,AMRE,FERAT,T.C. İÇIŞLERI BAKANLIĞI
838,31115661093,SEZER,FATIH,06.11.1956,E/M,T03Z88071,TC/TUR,15.01.2025,SEMAT,AKDURMUŞ,T.C. İÇIŞLERI BAKANLIĞI
839,74134118313,SEZGIN,MÜĞBER,31.10.1990,K/F,E64P43281,TC/TUR,15.11.2030,NIHAN,ÖZPINAR,T.C. İÇIŞLERI BAKANLIĞI
840,88601936816,ÇETIN,PEREN,06.06.1939,K/F,Z50O89482,BLZ,28.12.2023,UYANSER,KARAER,T.C. İÇIŞLERI BAKANLIĞI
841,8166722391,ALEMDAR,AYGUTALP,24.07.1952,E/M,M16K77765,TC/TUR,14.10.2029,AKMARAL,OKTÜREMIŞ,T.C. İÇIŞLERI BAKANLIĞI
842,5926021651,AKAR,ABID,29.12.1935,E/M,T24A71289,TC/TUR,05.03.2030,NURŞAN,YILMA,T.C. İÇIŞLERI BAKANLIĞI
843,96479865368,BILGIN,LEYLI,07.04.1988,K/F,X47X58592,TC/TUR,10.10.2029,MERBA,ŞEFI,T.C. İÇIŞLERI BAKANLIĞI
844,17067088128,SAKARYA,BORAHAN,06.04.1944,E/M,K63P82840,TC/TUR,16.06.2029,AYÜLKER,YAYAK,T.C. İÇIŞLERI BAKANLIĞI
845,33581898192,ŞENER,HENIFE,28.04.1949,K/F,A14P39818,TC/TUR,07.01.2023,GÜLSÜ,ÖZERDINÇ,T.C. İÇIŞLERI BAKANLIĞI
846,23817762506,İHSANOĞLU,ATASAGUN,15.01.1932,E/M,Y51O32061,TC/TUR,22.02.2023,GÜLDER,ERDIBAY,T.C. İÇIŞLERI BAKANLIĞI
847,51665689916,TEVETOĞLU,DEMIROK,12.12.1940,E/M,T55B05328,TC/TUR,30.05.2027,SUNAY,ÇAĞLASIN,T.C. İÇIŞLERI BAKANLIĞI
848,48273145653,DURDU,VELITDIN,05.06.1915,E/M,O21M54940,TC/TUR,29.08.2027,EMINE.,RECEPALI,T.C. İÇIŞLERI BAKANLIĞI
849,2699811237,SAKARYA,SADETI,29.06.1959,K/F,K37B88218,TC/TUR,06.08.2023,NATALIA,DELIL,T.C. İÇIŞLERI BAKANLIĞI
850,1274273465,ŞAFAK,NUYAN,30.05.1970,E/M,H31K21179,TC/TUR,21.10.2025,NILI,BORAHAN,T.C. İÇIŞLERI BAKANLIĞI
851,23288547220,ERTAŞ,KALGAY,10.03.1935,E/M,H43T70370,TC/TUR,02.08.2031,YEPELEK,NEZIHI,T.C. İÇIŞLERI BAKANLIĞI
852,71142740816,GÜLEN,BESIN,16.09.1995,E/M,Y48K72927,TC/TUR,03.06.2025,TOMURCUK,AKALAN,T.C. İÇIŞLERI BAKANLIĞI
853,46582427384,KARADENIZ,EFIL,17.04.2010,K/F,M83A19043,TC/TUR,20.12.2027,NAFILE,GÜRELCEM,T.C. İÇIŞLERI BAKANLIĞI
854,92876334453,SEZER,TEMIZKAL,11.12.1959,E/M,B87B51622,TC/TUR,04.11.2029,MUJDE,MUTLUHAN,T.C. İÇIŞLERI BAKANLIĞI
855,45416344522,HANÇER,MÜMTAZE,16.06.1990,K/F,P28K71256,TC/TUR,24.09.2022,NUREY,MEŞHUR,T.C. İÇIŞLERI BAKANLIĞI
856,41280348883,ÇETIN,ABIYE,11.10.1976,K/F,P72Z33946,TC/TUR,14.11.2026,HAYEL,ÜBEYDULLAH,T.C. İÇIŞLERI BAKANLIĞI
857,77162619670,ERTAŞ,ŞÖHRET,23.03.2011,K/F,Z50Y94282,TC/TUR,22.02.2024,AYDAR,GÜNGÖRDÜ,T.C. İÇIŞLERI BAKANLIĞI
858,62049973046,DEMIR,BEHIZA,23.07.2002,K/F,E84K94660,TC/TUR,17.02.2023,MUSAFFA,FATIH,T.C. İÇIŞLERI BAKANLIĞI
859,67079769806,ÇORLU,GÜLHISAR,24.12.1991,K/F,P84X34522,TC/TUR,24.05.2029,KIFAYE,AKGÖL,T.C. İÇIŞLERI BAKANLIĞI
860,11143291514,ARSOY,MECIDE,31.08.1981,K/F,M16I20904,TC/TUR,24.07.2030,ŞADIMAN,OYMAK,T.C. İÇIŞLERI BAKANLIĞI
861,61949093603,KARADENIZ,YANKI,02.05.1994,E/M,X15I12076,TC/TUR,14.04.2028,ANARGÜL,EMIRŞAN,T.C. İÇIŞLERI BAKANLIĞI
862,75076093418,ERASLAN,MÜMTAZE,01.04.1996,K/F,B93M37353,ZWE,20.07.2031,CANAN,ZIYAETTIN,T.C. İÇIŞLERI BAKANLIĞI
863,10620216262,SEZGIN,BAHTINUR,16.12.1985,K/F,N07M14372,TC/TUR,02.09.2025,HACILE,ÖZGER,T.C. İÇIŞLERI BAKANLIĞI
864,20770911770,SEZER,EFLÂTUN,06.06.1986,E/M,K82I73790,TC/TUR,12.03.2023,AYCAGÜL,DIKEN,T.C. İÇIŞLERI BAKANLIĞI
865,83672963140,İHSANOĞLU,NEBIHA,02.01.1952,K/F,H82E00323,TC/TUR,08.05.2028,İNCIFIR,LÜTFI,T.C. İÇIŞLERI BAKANLIĞI
866,65694152017,HAYRIOĞLU,SÖYLER,11.06.1990,K/F,N85N13660,TC/TUR,08.10.2030,GÜNVER,TEKSOY,T.C. İÇIŞLERI BAKANLIĞI
867,87168941931,GÜLEN,MUHIP,09.02.1989,E/M,B87Y47495,TC/TUR,20.04.2028,GÜLENAY,NEZIHI,T.C. İÇIŞLERI BAKANLIĞI
868,45810661804,YORULMAZ,NEFARET,23.02.1943,K/F,N34B98269,TC/TUR,22.03.2030,FATMANUR,GÖNEN,T.C. İÇIŞLERI BAKANLIĞI
869,23452976872,ÖCALAN,GÜRARDA,02.09.1912,E/M,A94P07610,TC/TUR,02.01.2031,ARAL,DINCER,T.C. İÇIŞLERI BAKANLIĞI
870,81273206370,MANÇO,OGANER,05.11.1986,E/M,P17P22084,TC/TUR,31.12.2023,DÜRRÜŞEHVAR,GÜNŞEN,T.C. İÇIŞLERI BAKANLIĞI
871,63664865084,SEZGIN,ÇAĞA,21.05.2003,E/M,I78K92630,TC/TUR,08.09.2027,ÖZDEŞ,TANSIĞ,T.C. İÇIŞLERI BAKANLIĞI
872,78208553552,YILDIRIM,RAZI,13.04.1940,E/M,B55E82945,TC/TUR,20.02.2025,HOŞKADEM,SUPHI,T.C. İÇIŞLERI BAKANLIĞI
873,25985377356,ERTAŞ,ERDIBAY,16.08.1918,E/M,K03B70275,TC/TUR,11.05.2024,HÜRMET,FEHIM,T.C. İÇIŞLERI BAKANLIĞI
874,81724751144,BILGE,ÜÇGÜL,28.04.2009,K/F,K11T34375,TC/TUR,22.12.2025,AKSOY,ÖGE,T.C. İÇIŞLERI BAKANLIĞI
875,39179449473,TEVETOĞLU,NURSER,12.11.1950,K/F,M25A10386,TC/TUR,25.03.2030,ŞADIMAN,ABDÜLCEMAL,T.C. İÇIŞLERI BAKANLIĞI
876,76872625601,ARSLAN,MUVAFFAK,01.09.1979,E/M,P98K30220,TC/TUR,12.05.2022,AZIZE,ŞÜKRI,T.C. İÇIŞLERI BAKANLIĞI
877,68341221742,ŞAMA,İLGI,03.06.1930,E/M,Y19E34285,TC/TUR,28.02.2024,RAFIA,TORHAN,T.C. İÇIŞLERI BAKANLIĞI
878,31685108498,AKGÜNDÜZ,ALTOĞAN,08.08.1911,E/M,A85A23239,TC/TUR,15.08.2030,ALIŞIK,DEMIRYÜREK,T.C. İÇIŞLERI BAKANLIĞI
879,13391834611,MANÇO,GÜNDÜZALP,14.07.2011,E/M,K26O75367,TC/TUR,08.05.2028,JARUTHIP,ROHAT,T.C. İÇIŞLERI BAKANLIĞI
880,80369409013,FIRAT,AKGÜNEŞ,08.02.1996,K/F,O47H99634,TC/TUR,05.10.2022,ZUBEYDE,GAZEL,T.C. İÇIŞLERI BAKANLIĞI
881,30261504536,ÇORLU,BELLISAN,31.05.1948,E/M,O65O61604,TC/TUR,03.08.2031,ÜÇGÜL,SÖKMEN,T.C. İÇIŞLERI BAKANLIĞI
882,21684192292,AKÇA,BEZEK,09.12.2009,K/F,K88P14436,TC/TUR,21.01.2031,SOYKAN,TANIR,T.C. İÇIŞLERI BAKANLIĞI
883,27362450764,SAKARYA,ÖZYURT,02.03.1992,K/F,M20E09021,TC/TUR,13.02.2022,ÜMRAY,EMRULLAH,T.C. İÇIŞLERI BAKANLIĞI
884,73058247422,MANÇO,HUBAN,08.11.1937,K/F,B32I20585,TC/TUR,22.09.2026,NURDA,SANCAK,T.C. İÇIŞLERI BAKANLIĞI
885,27896364277,ERASLAN,KOCABAŞ,11.03.1968,E/M,N03K14401,TC/TUR,13.01.2029,NEFARET,ŞÜKRI,T.C. İÇIŞLERI BAKANLIĞI
886,56683182203,AKAR,MÜKRAMIN,09.04.1985,E/M,P13N86269,TC/TUR,22.10.2027,CANUR,TALI,T.C. İÇIŞLERI BAKANLIĞI
887,76527781156,BILGE,ÇEVIKÖZ,03.10.1978,E/M,M54A24354,TC/TUR,05.11.2027,SERDA,DINÇKOL,T.C. İÇIŞLERI BAKANLIĞI
888,71117197511,BILIR,AYGUTALP,23.04.1960,E/M,A70X39166,TC/TUR,28.08.2028,BILAY,SARPKIN,T.C. İÇIŞLERI BAKANLIĞI
889,89597548235,ÇETIN,NAZENDE,02.10.1916,K/F,E11Z63096,TC/TUR,04.02.2024,DURSADIYE,SEYFULLAH,T.C. İÇIŞLERI BAKANLIĞI
890,23446547991,SEZGIN,TÖREL,18.10.1994,E/M,P33X22255,TC/TUR,22.03.2030,ROJNU,DILDER,T.C. İÇIŞLERI BAKANLIĞI
891,4844281208,SEVEN,KISMET,09.07.1921,K/F,K32H00205,TC/TUR,15.04.2031,ESENGÜN,SEYFULLAH,T.C. İÇIŞLERI BAKANLIĞI
892,24835558544,AKÇA,MUCAHIT,20.06.1980,E/M,B27Z90063,TC/TUR,08.04.2029,NATALIA,AKÇASU,T.C. İÇIŞLERI BAKANLIĞI
893,10311499705,GÜLEN,AKSOY,04.02.1979,K/F,A15Y25461,TC/TUR,26.07.2029,GÜLPER,PIRAHMET,T.C. İÇIŞLERI BAKANLIĞI
894,72522992122,ERGÜL,ŞEHAMET,28.10.2009,E/M,N50A02315,TC/TUR,11.08.2030,ZÜLBIYE,HALUK,T.C. İÇIŞLERI BAKANLIĞI
895,85343675887,YILMAZ,AZIZE,10.07.1976,K/F,E61K47415,TC/TUR,14.12.2021,ŞEREF,YARGI,T.C. İÇIŞLERI BAKANLIĞI
896,85195937013,SEVEN,EŞIM,28.02.1977,K/F,H97Y20803,TC/TUR,28.04.2028,DEĞER,MEŞHUR,T.C. İÇIŞLERI BAKANLIĞI
897,53284093265,AKDENIZ,İSLIME,17.12.1944,K/F,O05M00199,ZAF,23.11.2028,HEZNIYE,SALURBAY,T.C. İÇIŞLERI BAKANLIĞI
898,16873467759,YAMAN,GÜLŞA,05.03.1956,K/F,I00B40543,TC/TUR,18.09.2025,ELIFNUR,BILTAŞ,T.C. İÇIŞLERI BAKANLIĞI
